CICLO_ID,CONTRATO,SEGMENTO,RATING_GRADO,PD_ESTIMADA,LGD_ESTIMADA,EAD,DPDS,STAGE_IFRS9,ECL,PROVISION_PERIOD_MONTHS,VENTANA_OBSERVACION_YEARS,VENTANA_CALIBRACION_YEARS,COLATERAL_TIPO,LGD_FLOOR_APLICADO,MoC,FECHA_INCUMPLIMIENTO,CURE_FLAG,PERIODO_OBSERVACION,RWA
CIC_00000,CONT_539898,CORP,1,0.001,0.6725,126221.47,5,1,84.88,7,8.5,5.9,NINGUNA,0.45,0.0066,2024-09-10,0,2024-09-15,63662.95
CIC_00001,CONT_496922,RETAIL,8,0.018379,0.1768,405668.08,1,1,1318.18,6,6.0,6.2,PERSONAL,0.0,0.0029,2024-06-24,0,2024-06-25,53791.59
CIC_00002,CONT_270555,CORP,9,0.021674,0.538,316176.7,29,1,3686.81,33,7.7,5.7,NINGUNA,0.45,0.0024,2024-03-31,0,2024-04-29,127577.3
CIC_00003,CONT_944151,MORTGAGE,6,0.012286,0.3629,137154.02,22,1,611.51,23,4.4,8.8,HIPOTECA,0.3,0.0297,2024-11-01,0,2024-11-23,37329.9
CIC_00004,CONT_245051,MORTGAGE,7,0.015245,0.3803,109436.51,0,1,634.48,13,6.7,9.5,HIPOTECA,0.3,0.0074,,0,2024-10-14,31214.03
CIC_00005,CONT_772097,SME,2,0.002639,0.2267,431245.94,70,2,258.0,2,6.4,5.8,FINANCIERO,0.0,0.0159,2024-08-01,0,2024-10-10,73322.59
CIC_00006,CONT_100599,MORTGAGE,2,0.002639,0.3881,83288.09,225,3,85.3,36,7.9,7.8,HIPOTECA,0.3,0.0253,2024-02-04,0,2024-09-16,24243.08
CIC_00007,CONT_736059,MORTGAGE,8,0.018379,0.3058,464903.82,0,1,2612.9,11,5.6,8.1,HIPOTECA,0.3,0.0245,,0,2024-09-29,106625.69
CIC_00008,CONT_132938,SME,4,0.000165,0.2787,378856.27,0,1,17.42,23,2.2,5.8,FINANCIERO,0.0,0.0067,,0,2024-06-22,79190.43
CIC_00009,CONT_806073,MORTGAGE,2,0.002639,0.4542,142846.25,16,1,171.22,34,8.5,8.1,HIPOTECA,0.3,0.0122,2024-02-02,0,2024-02-18,48660.58
CIC_00010,CONT_976638,CORP,1,0.001,0.5708,172954.79,0,1,98.72,17,4.9,6.1,NINGUNA,0.45,0.0262,,0,2024-02-08,74041.95
CIC_00011,CONT_794022,CORP,2,0.002639,0.7279,425104.39,0,1,816.59,5,8.4,9.6,NINGUNA,0.45,0.0117,,0,2024-08-20,232075.11
CIC_00012,CONT_346629,SME,3,0.004656,0.057,112761.94,2,1,29.93,36,4.8,8.1,FINANCIERO,0.0,0.0017,2024-09-15,0,2024-09-17,4820.57
CIC_00013,CONT_431535,SME,2,0.002639,0.2825,286989.33,19,1,213.96,19,6.4,8.1,FINANCIERO,0.0,0.0061,2024-05-21,0,2024-06-09,60805.86
CIC_00014,CONT_108203,CORP,1,0.001,0.5875,499234.95,0,1,293.3,16,5.1,7.1,NINGUNA,0.45,0.0047,,0,2024-10-05,219975.4
CIC_00015,CONT_146228,MORTGAGE,2,0.002639,0.5817,71474.1,4,1,109.72,31,5.2,5.5,HIPOTECA,0.3,0.0206,2024-05-11,0,2024-05-15,31182.36
CIC_00016,CONT_934794,CORP,6,0.012286,0.6813,320371.12,9,1,2681.65,31,6.4,5.5,NINGUNA,0.45,0.0164,2024-06-29,0,2024-07-08,163701.63
CIC_00017,CONT_870763,CORP,6,0.012286,0.513,128517.22,299,3,810.01,6,7.9,9.7,NINGUNA,0.45,0.024,2023-06-06,0,2024-03-31,49447.0
CIC_00018,CONT_910891,RETAIL,5,0.009518,0.0478,352132.7,85,2,160.21,20,5.5,9.2,PERSONAL,0.0,0.0239,2024-02-01,0,2024-04-26,12623.96
CIC_00019,CONT_704596,MORTGAGE,6,0.012286,0.4924,202840.8,260,3,1227.11,27,5.0,9.9,HIPOTECA,0.3,0.008,2023-06-10,0,2024-02-25,74909.11
CIC_00020,CONT_681343,RETAIL,5,0.009518,0.0133,220848.47,0,1,27.96,28,4.8,8.5,PERSONAL,0.0,0.0254,,0,2024-06-02,2202.96
CIC_00021,CONT_636004,RETAIL,4,0.006964,0.1261,470480.02,22,1,413.16,18,5.9,8.0,PERSONAL,0.0,0.0129,2024-10-01,0,2024-10-23,44495.65
CIC_00022,CONT_760356,SME,3,0.004656,0.1977,145474.27,0,1,133.91,16,3.2,6.6,FINANCIERO,0.0,0.0044,,0,2024-01-24,21570.2
CIC_00023,CONT_587213,RETAIL,7,0.015245,0.1483,125772.3,74,2,284.35,16,8.4,9.5,PERSONAL,0.0,0.0287,2024-07-10,0,2024-09-22,13989.02
CIC_00024,CONT_666390,MORTGAGE,8,0.018379,0.4838,361040.61,57,2,3210.29,33,7.8,7.6,HIPOTECA,0.3,0.0191,2024-07-28,0,2024-09-23,131003.59
CIC_00025,CONT_413118,CORP,3,0.004656,0.4952,194602.47,0,1,448.69,7,6.3,7.9,NINGUNA,0.45,0.0126,,0,2024-10-26,72275.36
CIC_00026,CONT_513160,SME,7,0.015245,0.1615,368643.86,0,1,907.63,19,5.7,7.7,FINANCIERO,0.0,0.0239,,0,2024-03-25,44651.99
CIC_00027,CONT_335113,CORP,2,0.002639,0.6428,72171.25,0,1,122.43,1,4.8,7.5,NINGUNA,0.45,0.0083,,0,2024-08-03,34793.76
CIC_00028,CONT_220096,CORP,1,0.001,0.6763,475057.81,7,1,321.28,27,5.6,7.6,NINGUNA,0.45,0.014,2024-05-04,0,2024-05-11,240961.2
CIC_00029,CONT_464069,RETAIL,5,0.009518,0.0324,17710.82,0,1,5.46,12,7.7,5.8,PERSONAL,0.0,0.009,,0,2024-12-16,430.37
CIC_00030,CONT_556732,SME,6,0.012286,0.0207,325533.91,84,2,82.79,31,5.0,9.8,FINANCIERO,0.0,0.0053,2024-07-02,0,2024-09-24,5053.91
CIC_00031,CONT_389688,MORTGAGE,6,0.012286,0.5555,416211.85,0,1,2840.59,7,6.6,8.2,HIPOTECA,0.3,0.0255,,0,2024-04-03,173404.26
CIC_00032,CONT_680358,CORP,9,0.021674,0.7344,47378.42,24,1,754.14,23,5.6,7.6,NINGUNA,0.45,0.0028,2024-03-30,0,2024-04-23,26096.03
CIC_00033,CONT_650121,MORTGAGE,7,0.015245,0.599,277442.29,0,1,2533.54,5,5.6,6.0,HIPOTECA,0.3,0.0161,,0,2024-12-19,124640.95
CIC_00034,CONT_561865,MORTGAGE,2,0.002639,0.5498,151642.0,0,1,220.02,26,6.9,6.7,HIPOTECA,0.3,0.0283,,0,2024-11-22,62529.58
CIC_00035,CONT_913373,MORTGAGE,3,0.004656,0.5896,129976.8,60,2,356.81,13,6.3,5.8,HIPOTECA,0.3,0.0169,2024-04-05,0,2024-06-04,57475.74
CIC_00036,CONT_528361,SME,8,0.018379,0.2726,152189.8,19,1,762.49,33,4.8,9.8,FINANCIERO,0.0,0.0063,2024-11-15,0,2024-12-04,31115.2
CIC_00037,CONT_966785,SME,10,0.025119,0.141,21156.73,10,1,74.93,34,6.5,8.6,FINANCIERO,0.0,0.0177,2024-04-01,0,2024-04-11,2237.32
CIC_00038,CONT_127121,RETAIL,2,0.002639,0.0179,397351.14,0,1,18.77,17,6.6,6.9,PERSONAL,0.0,0.0148,,0,2024-02-11,5334.44
CIC_00039,CONT_195674,CORP,4,0.006964,0.7386,418799.51,101,3,2154.14,33,7.5,6.7,NINGUNA,0.45,0.0141,2024-08-20,0,2024-11-29,231993.99
CIC_00040,CONT_639593,SME,6,0.012286,0.1225,163923.84,0,1,246.71,35,7.6,6.8,FINANCIERO,0.0,0.0011,,0,2024-02-15,15060.5
CIC_00041,CONT_114338,CORP,9,0.021674,0.5886,31831.02,17,1,406.08,4,7.9,6.4,NINGUNA,0.45,0.0131,2024-12-06,0,2024-12-23,14051.8
CIC_00042,CONT_728492,SME,2,0.002639,0.0674,421495.81,4,1,74.97,25,5.2,9.7,FINANCIERO,0.0,0.0125,2024-08-31,0,2024-09-04,21306.61
CIC_00043,CONT_495533,RETAIL,2,0.002639,0.0829,396053.06,0,1,86.65,27,4.5,8.8,PERSONAL,0.0,0.0147,,0,2024-03-17,24624.6
CIC_00044,CONT_232378,SME,6,0.012286,0.2609,490483.44,0,1,1572.2,31,8.0,5.7,FINANCIERO,0.0,0.0114,,0,2024-12-05,95975.35
CIC_00045,CONT_498468,MORTGAGE,2,0.002639,0.5623,222951.57,0,1,330.84,6,5.1,9.4,HIPOTECA,0.3,0.0291,,0,2024-06-22,94024.25
CIC_00046,CONT_252640,MORTGAGE,8,0.018379,0.5617,22770.05,238,3,235.07,6,7.9,7.5,HIPOTECA,0.3,0.0262,2023-12-21,0,2024-08-15,9592.45
CIC_00047,CONT_587853,RETAIL,9,0.021674,0.1236,342491.18,0,1,917.5,24,8.4,8.3,PERSONAL,0.0,0.0043,,0,2024-08-24,31748.93
CIC_00048,CONT_970357,MORTGAGE,9,0.021674,0.3474,223656.24,12,1,1684.03,15,6.4,6.6,HIPOTECA,0.3,0.0256,2024-02-12,0,2024-02-24,58273.63
CIC_00049,CONT_813928,SME,5,0.009518,0.0024,433208.36,116,3,9.9,33,7.9,9.2,FINANCIERO,0.0,0.0182,2024-03-05,0,2024-06-29,779.78
CIC_00050,CONT_385765,RETAIL,2,0.002639,0.271,324938.6,0,1,232.39,19,6.1,6.1,PERSONAL,0.0,0.0053,,0,2024-03-08,66043.77
CIC_00051,CONT_662636,RETAIL,5,0.009518,0.2742,472372.97,48,1,1232.82,36,6.6,5.8,PERSONAL,0.0,0.0202,2024-06-04,0,2024-07-22,97143.5
CIC_00052,CONT_835132,CORP,8,0.018379,0.5606,375760.74,67,2,3871.56,5,8.7,6.0,NINGUNA,0.45,0.0265,2024-08-08,0,2024-10-14,157988.6
CIC_00053,CONT_203831,MORTGAGE,7,0.015245,0.335,27446.67,0,1,140.17,23,5.6,7.9,HIPOTECA,0.3,0.0285,,0,2024-12-22,6895.98
CIC_00054,CONT_989227,SME,10,0.025119,0.1224,476003.16,0,1,1463.5,12,6.5,6.6,FINANCIERO,0.0,0.011,,0,2024-11-26,43697.09
CIC_00055,CONT_724932,SME,2,0.002639,0.1988,322643.71,31,2,169.27,8,5.6,6.1,FINANCIERO,0.0,0.023,2024-03-16,0,2024-04-16,48106.18
CIC_00056,CONT_599380,CORP,5,0.009518,0.7075,76620.55,64,2,515.96,9,5.0,5.9,NINGUNA,0.45,0.0237,2024-08-25,0,2024-10-28,40656.78
CIC_00057,CONT_565108,SME,6,0.012286,0.154,58981.73,17,1,111.6,23,8.6,8.5,FINANCIERO,0.0,0.0009,2024-08-16,0,2024-09-02,6812.39
CIC_00058,CONT_325468,CORP,2,0.002639,0.5466,78425.24,0,1,113.13,28,7.2,6.8,NINGUNA,0.45,0.0238,,0,2024-02-28,32150.43
CIC_00059,CONT_236435,SME,8,0.000243,0.2664,209837.72,0,1,13.58,2,4.9,7.4,FINANCIERO,0.0,0.0206,,0,2024-08-30,41925.58
CIC_00060,CONT_467121,CORP,10,0.025119,0.737,283033.27,0,1,5239.71,18,7.5,8.9,NINGUNA,0.45,0.0105,,0,2024-10-22,156446.64
CIC_00061,CONT_132146,MORTGAGE,2,0.002639,0.5288,289179.5,26,1,403.55,14,4.1,8.6,HIPOTECA,0.3,0.0229,2024-05-27,0,2024-06-22,114688.59
CIC_00062,CONT_534303,CORP,9,3.3e-05,0.5145,212817.08,0,1,3.61,11,6.0,9.7,NINGUNA,0.45,0.0047,,0,2024-11-12,82120.79
CIC_00063,CONT_108105,MORTGAGE,4,9.4e-05,0.5265,61339.67,14,1,3.04,10,7.2,7.9,HIPOTECA,0.3,0.0295,2024-01-15,0,2024-01-29,24221.5
CIC_00064,CONT_843963,SME,7,0.015245,0.0527,193202.69,23,1,155.22,36,7.5,7.1,FINANCIERO,0.0,0.0131,2024-07-31,0,2024-08-23,7636.34
CIC_00065,CONT_635280,SME,5,0.009518,0.0346,15324.0,40,2,5.05,16,8.6,5.9,FINANCIERO,0.0,0.012,2024-01-01,0,2024-02-10,397.66
CIC_00066,CONT_707616,CORP,9,0.021674,0.603,453431.75,0,1,5926.09,13,5.2,6.4,NINGUNA,0.45,0.0197,,0,2024-03-31,205064.51
CIC_00067,CONT_996840,SME,10,0.000139,0.1929,493333.31,0,1,13.23,6,4.5,7.5,FINANCIERO,0.0,0.0017,,0,2024-09-16,71373.0
CIC_00068,CONT_188425,CORP,10,0.025119,0.6282,195318.83,0,1,3082.08,28,8.1,8.4,NINGUNA,0.45,0.0045,,0,2024-02-01,92024.47
CIC_00069,CONT_811332,RETAIL,1,0.001,0.0743,221690.35,15,1,16.47,22,6.1,9.6,PERSONAL,0.0,0.0204,2024-01-12,0,2024-01-27,12353.69
CIC_00070,CONT_774751,SME,5,0.009518,0.0756,426525.3,0,1,306.91,18,7.1,6.1,FINANCIERO,0.0,0.021,,0,2024-07-19,24183.98
CIC_00071,CONT_206053,MORTGAGE,3,0.004656,0.501,415334.69,0,1,968.83,20,4.4,7.8,HIPOTECA,0.3,0.0285,,0,2024-06-23,156062.01
CIC_00072,CONT_921874,CORP,6,0.012286,0.7129,310925.58,0,1,2723.3,32,8.2,9.0,NINGUNA,0.45,0.0123,,0,2024-12-12,166244.13
CIC_00073,CONT_362147,SME,4,0.006964,0.1602,158186.61,331,3,176.48,23,5.4,8.6,FINANCIERO,0.0,0.0085,2023-08-18,0,2024-07-14,19006.12
CIC_00074,CONT_535050,CORP,8,0.018379,0.7122,279497.67,75,2,3658.49,23,5.8,8.9,NINGUNA,0.45,0.0044,2024-05-28,0,2024-08-11,149293.68
CIC_00075,CONT_105506,CORP,7,0.015245,0.6006,121710.15,0,1,1114.4,34,8.7,9.3,NINGUNA,0.45,0.0011,,0,2024-08-29,54824.34
CIC_00076,CONT_702980,CORP,1,0.000244,0.5268,418306.73,0,1,53.77,16,5.8,6.9,NINGUNA,0.45,0.0238,,0,2024-08-22,165272.99
CIC_00077,CONT_491435,RETAIL,3,0.004656,0.0874,5774.35,0,1,2.35,11,7.5,7.9,PERSONAL,0.0,0.0163,,0,2024-09-16,378.51
CIC_00078,CONT_850827,MORTGAGE,1,0.001,0.4071,38441.98,76,2,15.65,20,7.8,7.0,HIPOTECA,0.3,0.0244,2024-01-14,0,2024-03-30,11737.3
CIC_00079,CONT_938171,SME,1,0.001,0.088,26684.11,0,1,2.35,24,5.9,5.6,FINANCIERO,0.0,0.0226,,0,2024-04-07,1761.15
CIC_00080,CONT_410000,MORTGAGE,7,0.015245,0.5668,372937.31,264,3,3222.5,17,6.7,7.7,HIPOTECA,0.3,0.0218,2023-05-22,0,2024-02-10,158535.65
CIC_00081,CONT_249715,MORTGAGE,8,0.000189,0.4808,215927.46,0,1,19.62,22,7.8,9.6,HIPOTECA,0.3,0.0294,,0,2024-01-30,77863.44
CIC_00082,CONT_218959,SME,1,0.001,0.0379,121817.71,0,1,4.62,20,7.1,8.2,FINANCIERO,0.0,0.0229,,0,2024-10-20,3462.67
CIC_00083,CONT_192055,CORP,3,0.004656,0.5997,196558.75,37,2,548.83,18,7.7,6.5,NINGUNA,0.45,0.03,2024-03-06,0,2024-04-12,88407.21
CIC_00084,CONT_678443,MORTGAGE,6,0.012286,0.5129,277248.59,87,2,1747.08,34,7.7,9.7,HIPOTECA,0.3,0.0067,2024-01-16,0,2024-04-12,106650.6
CIC_00085,CONT_678083,RETAIL,10,0.025119,0.2653,37545.31,0,1,250.2,13,8.0,9.2,PERSONAL,0.0,0.0193,,0,2024-08-18,7470.58
CIC_00086,CONT_231250,RETAIL,3,0.004656,0.1298,455802.57,0,1,275.46,20,5.9,6.2,PERSONAL,0.0,0.0156,,0,2024-05-25,44372.38
CIC_00087,CONT_699929,MORTGAGE,10,0.025119,0.46,253773.71,0,1,2932.29,35,7.3,9.6,HIPOTECA,0.3,0.0012,,0,2024-01-15,87551.93
CIC_00088,CONT_427766,SME,10,0.025119,0.1917,251528.84,21,1,1211.19,18,5.9,6.6,FINANCIERO,0.0,0.0207,2024-02-29,0,2024-03-21,36163.56
CIC_00089,CONT_705748,MORTGAGE,6,0.012286,0.5926,69729.25,0,1,507.68,5,6.6,6.7,HIPOTECA,0.3,0.0087,,0,2024-07-15,30991.17
CIC_00090,CONT_988324,MORTGAGE,4,0.006964,0.194,251641.44,59,2,339.97,25,6.7,5.9,HIPOTECA,0.3,0.0072,2024-08-27,0,2024-10-25,36613.83
CIC_00091,CONT_740725,CORP,7,0.015245,0.4902,135914.09,0,1,1015.7,20,6.3,8.1,NINGUNA,0.45,0.0022,,0,2024-09-15,49968.82
CIC_00092,CONT_742848,CORP,3,0.004656,0.7425,199982.34,51,2,691.35,8,5.4,7.8,NINGUNA,0.45,0.0041,2024-04-29,0,2024-06-19,111365.17
CIC_00093,CONT_821466,MORTGAGE,3,0.004656,0.4179,310167.74,0,1,603.51,18,6.8,7.7,HIPOTECA,0.3,0.0005,,0,2024-06-18,97214.32
CIC_00094,CONT_562462,CORP,10,0.025119,0.5924,483699.99,26,1,7197.7,33,7.1,6.3,NINGUNA,0.45,0.0044,2024-11-18,0,2024-12-14,214907.91
CIC_00095,CONT_808699,MORTGAGE,7,0.015245,0.3454,346797.63,62,2,1826.11,25,7.8,5.8,HIPOTECA,0.3,0.0098,2024-10-04,0,2024-12-05,89837.93
CIC_00096,CONT_701334,MORTGAGE,10,0.025119,0.4453,478882.01,0,1,5356.53,31,8.9,6.8,HIPOTECA,0.3,0.0211,,0,2024-06-11,159934.62
CIC_00097,CONT_214532,SME,7,0.015245,0.2455,477531.39,0,1,1787.23,29,8.8,5.9,FINANCIERO,0.0,0.0144,,0,2024-04-13,87925.47
CIC_00098,CONT_598807,RETAIL,4,0.006964,0.0152,453066.17,0,1,47.96,30,6.4,8.7,PERSONAL,0.0,0.0002,,0,2024-10-08,5164.95
CIC_00099,CONT_295361,SME,4,0.006964,0.2268,147186.29,121,3,232.47,32,4.4,8.1,FINANCIERO,0.0,0.0281,2023-11-30,0,2024-03-30,25036.39
CIC_00100,CONT_114768,MORTGAGE,1,0.001,0.3028,286141.12,0,1,86.64,13,9.0,7.9,HIPOTECA,0.3,0.014,,0,2024-04-08,64982.65
CIC_00101,CONT_374258,MORTGAGE,5,0.000117,0.4703,379854.96,69,2,20.9,14,6.8,5.9,HIPOTECA,0.3,0.0143,2024-02-28,0,2024-05-07,133984.34
CIC_00102,CONT_735163,MORTGAGE,4,0.006964,0.3186,63521.3,10,1,140.94,6,8.7,9.5,HIPOTECA,0.3,0.0275,2024-05-21,0,2024-05-31,15178.41
CIC_00103,CONT_272529,MORTGAGE,7,0.015245,0.5106,456834.46,64,2,3556.04,25,7.6,8.2,HIPOTECA,0.3,0.0211,2023-12-07,0,2024-02-09,174944.76
CIC_00104,CONT_176577,MORTGAGE,9,0.021674,0.4326,341746.14,0,1,3204.27,13,2.6,4.0,HIPOTECA,0.3,0.0137,,0,2024-01-30,110879.54
CIC_00105,CONT_495833,CORP,7,0.015245,0.5534,36561.16,126,3,308.45,33,6.6,6.8,NINGUNA,0.45,0.0192,2024-07-23,0,2024-11-26,15174.71
CIC_00106,CONT_497700,SME,2,0.002639,0.2048,332587.31,0,1,179.75,32,9.0,7.3,FINANCIERO,0.0,0.025,,0,2024-01-12,51085.41
CIC_00107,CONT_146385,RETAIL,4,0.006964,0.1382,81785.08,0,1,78.71,16,7.5,8.3,PERSONAL,0.0,0.003,,0,2024-01-18,8477.02
CIC_00108,CONT_533649,SME,8,0.018379,0.0703,112548.26,0,1,145.42,19,9.0,6.6,FINANCIERO,0.0,0.0232,,0,2024-06-13,5934.11
CIC_00109,CONT_352673,MORTGAGE,5,0.009518,0.3183,474517.53,29,1,1437.59,29,6.4,7.7,HIPOTECA,0.3,0.0236,2024-05-14,0,2024-06-12,113279.2
CIC_00110,CONT_154040,RETAIL,5,0.000136,0.2573,76454.12,15,1,2.68,21,8.9,8.0,PERSONAL,0.0,0.0061,2024-11-12,0,2024-11-27,14753.73
CIC_00111,CONT_354377,MORTGAGE,7,0.015245,0.2781,303446.41,34,2,1286.5,24,7.1,8.5,HIPOTECA,0.3,0.0272,2024-05-01,0,2024-06-04,63291.33
CIC_00112,CONT_147936,RETAIL,7,0.015245,0.2745,278279.25,0,1,1164.53,25,7.4,6.9,PERSONAL,0.0,0.014,,0,2024-08-28,57290.74
CIC_00113,CONT_875520,RETAIL,3,0.004656,0.0049,278889.22,0,1,6.36,35,5.4,6.5,PERSONAL,0.0,0.0165,,0,2024-12-16,1024.92
CIC_00114,CONT_329344,SME,8,1.2e-05,0.0505,398512.88,0,1,0.24,4,2.4,10.0,FINANCIERO,0.0,0.0254,,0,2024-12-08,15093.68
CIC_00115,CONT_212214,SME,6,0.012286,0.0181,320675.65,20,1,71.31,7,4.6,7.9,FINANCIERO,0.0,0.0217,2024-09-11,0,2024-10-01,4353.17
CIC_00116,CONT_781463,CORP,9,0.021674,0.4947,100006.37,0,1,1072.28,23,6.3,7.2,NINGUNA,0.45,0.0297,,0,2024-04-25,37104.86
CIC_00117,CONT_694316,CORP,2,0.002639,0.5716,191698.94,16,1,289.17,27,4.9,9.3,NINGUNA,0.45,0.0292,2024-09-11,0,2024-09-27,82181.34
CIC_00118,CONT_990704,SME,5,0.009518,0.014,41802.29,0,1,5.57,27,8.3,5.6,FINANCIERO,0.0,0.0246,,0,2024-07-22,438.92
CIC_00119,CONT_572436,SME,9,0.021674,0.0995,379026.59,0,1,817.39,16,2.8,5.7,FINANCIERO,0.0,0.0102,,0,2024-11-10,28284.86
CIC_00120,CONT_423241,SME,4,0.006964,0.1067,470865.71,0,1,349.88,11,7.3,9.1,FINANCIERO,0.0,0.0114,,0,2024-11-20,37681.03
CIC_00121,CONT_860053,SME,6,0.012286,0.2284,55604.55,0,1,156.03,11,7.0,4.6,FINANCIERO,0.0,0.0028,,0,2024-11-02,9525.06
CIC_00122,CONT_746624,RETAIL,10,0.025119,0.1563,344231.42,0,1,1351.49,17,6.7,5.8,PERSONAL,0.0,0.0145,,0,2024-02-09,40352.53
CIC_00123,CONT_828716,RETAIL,8,0.018379,0.0321,155805.71,51,2,91.92,13,6.0,7.0,PERSONAL,0.0,0.0181,2024-10-31,0,2024-12-21,3751.02
CIC_00124,CONT_172518,SME,10,0.025119,0.2346,166313.69,0,1,980.07,14,8.7,6.4,FINANCIERO,0.0,0.0165,,0,2024-08-24,29262.89
CIC_00125,CONT_722665,SME,8,0.018379,0.0418,154902.16,9,1,119.0,6,8.1,5.8,FINANCIERO,0.0,0.016,2024-12-11,0,2024-12-20,4856.18
CIC_00126,CONT_331768,CORP,2,0.002639,0.6807,330512.81,12,1,593.72,34,7.4,8.4,NINGUNA,0.45,0.0003,2024-04-30,0,2024-05-12,168735.05
CIC_00127,CONT_465219,SME,6,0.012286,0.1173,387309.41,0,1,558.17,22,9.0,7.7,FINANCIERO,0.0,0.0026,,0,2024-03-13,34073.55
CIC_00128,CONT_584498,SME,2,0.002639,0.1314,349897.82,0,1,121.33,6,7.7,5.6,FINANCIERO,0.0,0.024,,0,2024-05-04,34482.43
CIC_00129,CONT_938338,RETAIL,7,0.015245,0.1889,97261.53,0,1,280.09,22,7.3,6.4,PERSONAL,0.0,0.0211,,0,2024-04-15,13779.53
CIC_00130,CONT_744333,RETAIL,6,0.012286,0.0978,231487.46,0,1,278.15,21,7.4,8.2,PERSONAL,0.0,0.0104,,0,2024-08-22,16979.61
CIC_00131,CONT_274971,CORP,3,0.004656,0.544,123093.5,4,1,311.78,27,6.8,7.4,NINGUNA,0.45,0.0056,2024-11-17,0,2024-11-21,50222.15
CIC_00132,CONT_186686,SME,5,0.009518,0.0421,160717.11,69,2,64.4,35,8.8,7.7,FINANCIERO,0.0,0.0168,2024-09-22,0,2024-11-30,5074.64
CIC_00133,CONT_853905,CORP,4,0.006964,0.5376,141052.19,48,1,528.08,26,7.0,9.0,NINGUNA,0.45,0.0172,2024-03-30,0,2024-05-17,56872.24
CIC_00134,CONT_467663,SME,9,0.021674,0.0656,215451.57,0,1,306.33,36,9.0,7.5,FINANCIERO,0.0,0.0132,,0,2024-03-01,10600.22
CIC_00135,CONT_199850,SME,3,0.004656,0.1848,393500.41,27,1,338.58,19,6.9,8.2,FINANCIERO,0.0,0.0088,2024-09-23,0,2024-10-20,54539.16
CIC_00136,CONT_573947,RETAIL,7,0.015245,0.2756,496280.68,28,1,2085.13,35,5.1,6.2,PERSONAL,0.0,0.0253,2024-06-22,0,2024-07-20,102581.22
CIC_00137,CONT_322142,CORP,2,0.002639,0.5709,376152.18,0,1,566.71,7,6.7,8.1,NINGUNA,0.45,0.019,,0,2024-12-23,161058.96
CIC_00138,CONT_548580,SME,5,0.00027,0.0969,145378.57,18,1,3.8,4,6.7,7.0,FINANCIERO,0.0,0.0235,2024-08-05,0,2024-08-23,10565.39
CIC_00139,CONT_323788,RETAIL,3,0.004656,0.2646,154423.42,0,1,190.25,10,6.1,5.9,PERSONAL,0.0,0.0092,,0,2024-12-24,30645.33
CIC_00140,CONT_413791,SME,2,0.002639,0.0398,116964.48,0,1,12.29,31,6.0,6.0,FINANCIERO,0.0,0.0021,,0,2024-07-15,3491.39
CIC_00141,CONT_205345,RETAIL,7,0.015245,0.232,377813.11,0,1,1336.26,23,7.0,8.2,PERSONAL,0.0,0.0064,,0,2024-03-18,65739.48
CIC_00142,CONT_297810,RETAIL,2,0.000247,0.1769,195095.8,0,1,8.52,28,7.4,6.6,PERSONAL,0.0,0.0085,,0,2024-12-19,25884.34
CIC_00143,CONT_483162,SME,5,0.009518,0.1939,392981.79,0,1,725.26,25,5.6,8.4,FINANCIERO,0.0,0.0004,,0,2024-07-03,57149.38
CIC_00144,CONT_260097,RETAIL,8,0.018379,0.2863,386331.69,0,1,2032.84,25,5.5,9.7,PERSONAL,0.0,0.0214,,0,2024-07-31,82955.07
CIC_00145,CONT_877722,MORTGAGE,2,3.4e-05,0.393,258095.83,0,1,3.45,18,6.3,8.4,HIPOTECA,0.3,0.0219,,0,2024-05-02,76073.75
CIC_00146,CONT_375722,RETAIL,2,0.002639,0.0038,72919.84,345,3,0.73,1,6.9,9.0,PERSONAL,0.0,0.0225,2023-06-07,0,2024-05-17,207.82
CIC_00147,CONT_257375,CORP,8,0.00025,0.5866,183261.33,0,1,26.88,1,5.6,6.0,NINGUNA,0.45,0.0069,,0,2024-09-17,80625.82
CIC_00148,CONT_148159,RETAIL,1,0.001,0.1659,457404.1,0,1,75.88,17,5.6,9.6,PERSONAL,0.0,0.0171,,0,2024-03-02,56912.51
CIC_00149,CONT_913575,SME,2,0.002639,0.2631,433685.95,0,1,301.12,18,7.0,5.5,FINANCIERO,0.0,0.0091,,0,2024-11-14,85577.08
CIC_00150,CONT_162804,RETAIL,9,0.021674,0.2281,126337.8,0,1,624.59,4,6.9,8.4,PERSONAL,0.0,0.0197,,0,2024-06-06,21613.24
CIC_00151,CONT_373668,RETAIL,5,0.000169,0.0279,461030.83,0,1,2.17,4,8.5,7.6,PERSONAL,0.0,0.004,,0,2024-07-20,9647.07
CIC_00152,CONT_585854,MORTGAGE,7,0.015245,0.5102,368999.67,0,1,2870.08,12,8.7,6.1,HIPOTECA,0.3,0.0049,,0,2024-08-26,141197.72
CIC_00153,CONT_676843,MORTGAGE,2,0.002639,0.3271,404760.47,0,1,349.4,7,8.4,6.2,HIPOTECA,0.3,0.0015,,0,2024-06-02,99297.86
CIC_00154,CONT_307356,RETAIL,2,0.002639,0.1386,402928.89,0,1,147.38,35,4.9,6.5,PERSONAL,0.0,0.0206,,0,2024-11-26,41884.46
CIC_00155,CONT_388339,SME,3,0.004656,0.0276,424401.34,0,1,54.54,22,6.6,6.3,FINANCIERO,0.0,0.0118,,0,2024-01-16,8785.11
CIC_00156,CONT_933456,MORTGAGE,8,0.018379,0.565,22151.47,20,1,230.02,7,6.7,9.5,HIPOTECA,0.3,0.0115,2024-07-13,0,2024-08-02,9386.69
CIC_00157,CONT_904092,CORP,7,0.015245,0.6846,182760.49,0,1,1907.42,6,7.0,6.9,NINGUNA,0.45,0.0179,,0,2024-01-16,93838.37
CIC_00158,CONT_129576,RETAIL,3,0.004656,0.03,330147.89,64,2,46.12,20,8.8,8.1,PERSONAL,0.0,0.0297,2024-01-25,0,2024-03-29,7428.33
CIC_00159,CONT_985296,MORTGAGE,10,0.000267,0.4691,283738.9,0,1,35.54,16,5.3,5.7,HIPOTECA,0.3,0.0006,,0,2024-09-01,99826.44
CIC_00160,CONT_610866,MORTGAGE,1,0.001,0.3066,295371.54,79,2,90.56,31,8.4,9.8,HIPOTECA,0.3,0.0119,2023-12-04,0,2024-02-21,67920.69
CIC_00161,CONT_133955,MORTGAGE,3,0.004656,0.5122,283178.77,0,1,675.33,32,7.2,6.3,HIPOTECA,0.3,0.0038,,0,2024-01-01,108783.12
CIC_00162,CONT_319869,RETAIL,10,0.025119,0.0955,405359.43,144,1,972.4,20,5.1,8.9,PERSONAL,0.0,0.005,2023-09-24,0,2024-02-15,29033.87
CIC_00163,CONT_820539,RETAIL,2,0.002639,0.1051,394574.9,0,1,109.44,24,7.8,9.9,PERSONAL,0.0,0.0105,,0,2024-07-11,31102.37
CIC_00164,CONT_552275,RETAIL,3,0.004656,0.1354,400601.31,0,1,252.55,21,8.8,5.8,PERSONAL,0.0,0.0023,,0,2024-02-17,40681.06
CIC_00165,CONT_408857,RETAIL,10,0.00017,0.2669,82766.37,196,3,3.76,17,6.3,8.0,PERSONAL,0.0,0.0089,2023-08-07,0,2024-02-19,16567.76
CIC_00166,CONT_567429,SME,4,0.006964,0.0291,107441.73,0,1,21.77,24,5.0,9.0,FINANCIERO,0.0,0.008,,0,2024-11-24,2344.92
CIC_00167,CONT_661527,CORP,5,0.009518,0.5819,135383.4,0,1,749.82,7,7.6,5.9,NINGUNA,0.45,0.0291,,0,2024-10-28,59084.7
CIC_00168,CONT_144748,SME,10,0.025119,0.2645,240749.83,0,1,1599.54,13,8.6,9.1,FINANCIERO,0.0,0.0227,,0,2024-03-29,47758.75
CIC_00169,CONT_919656,SME,2,0.002639,0.2965,220519.66,70,2,172.55,11,4.0,9.6,FINANCIERO,0.0,0.0119,2024-04-06,0,2024-06-15,49038.06
CIC_00170,CONT_522548,SME,2,0.002639,0.1243,78358.87,142,3,25.7,36,7.0,6.0,FINANCIERO,0.0,0.0103,2024-03-09,0,2024-07-29,7305.01
CIC_00171,CONT_339030,RETAIL,10,0.025119,0.1826,348362.32,2,1,1597.84,6,4.7,7.6,PERSONAL,0.0,0.0245,2024-06-02,0,2024-06-04,47708.22
CIC_00172,CONT_266694,RETAIL,5,0.009518,0.2923,224339.75,27,1,624.14,15,7.2,5.9,PERSONAL,0.0,0.0122,2024-08-09,0,2024-09-05,49180.88
CIC_00173,CONT_766275,CORP,5,0.009518,0.6629,204675.64,84,2,1291.4,5,4.6,6.4,NINGUNA,0.45,0.001,2023-11-03,0,2024-01-26,101759.61
CIC_00174,CONT_998746,CORP,1,0.001,0.5226,246949.44,15,1,129.06,32,6.1,6.2,NINGUNA,0.45,0.0027,2023-12-31,0,2024-01-15,96791.83
CIC_00175,CONT_388755,RETAIL,4,0.006964,0.2033,138196.37,62,2,195.66,13,8.9,8.6,PERSONAL,0.0,0.018,2023-11-04,0,2024-01-05,21071.49
CIC_00176,CONT_605139,SME,7,0.015245,0.2555,232204.02,7,1,904.46,9,8.2,7.3,FINANCIERO,0.0,0.0199,2024-07-03,0,2024-07-10,44496.1
CIC_00177,CONT_813824,CORP,6,0.012286,0.7465,322094.4,28,1,2954.09,13,8.8,8.4,NINGUNA,0.45,0.0072,2024-01-02,0,2024-01-30,180332.6
CIC_00178,CONT_475911,RETAIL,1,0.001,0.1966,498747.2,0,1,98.05,35,7.8,8.1,PERSONAL,0.0,0.0218,,0,2024-04-23,73540.27
CIC_00179,CONT_447411,MORTGAGE,3,0.004656,0.5522,438864.92,0,1,1128.34,33,7.8,8.8,HIPOTECA,0.3,0.0284,,0,2024-06-20,181755.91
CIC_00180,CONT_697062,MORTGAGE,5,0.009518,0.4757,234561.51,60,2,1062.03,3,7.1,9.7,HIPOTECA,0.3,0.015,2024-10-15,0,2024-12-14,83685.68
CIC_00181,CONT_235691,SME,3,0.004656,0.0949,359255.89,0,1,158.74,9,8.9,6.9,FINANCIERO,0.0,0.0063,,0,2024-03-27,25570.04
CIC_00182,CONT_207697,SME,7,0.000215,0.121,482837.28,0,1,12.56,33,7.8,9.8,FINANCIERO,0.0,0.0057,,0,2024-12-12,43817.48
CIC_00183,CONT_951452,SME,9,0.021674,0.1766,87674.99,243,3,335.59,19,6.6,7.8,FINANCIERO,0.0,0.0206,2023-07-10,0,2024-03-09,11612.55
CIC_00184,CONT_150578,SME,1,0.001,0.0685,364948.57,5,1,25.0,21,5.3,3.4,FINANCIERO,0.0,0.0077,2024-09-25,0,2024-09-30,18749.23
CIC_00185,CONT_853681,CORP,7,0.015245,0.5833,66179.56,0,1,588.5,7,7.6,5.5,NINGUNA,0.45,0.0156,,0,2024-11-14,28951.9
CIC_00186,CONT_804258,CORP,5,0.009518,0.4842,57600.54,68,1,265.46,31,8.2,9.9,NINGUNA,0.45,0.0048,2024-07-31,0,2024-10-07,20917.64
CIC_00187,CONT_809641,CORP,2,0.002639,0.7006,336165.86,90,3,621.53,3,4.8,8.8,NINGUNA,0.45,0.0297,2024-03-02,0,2024-05-31,176638.35
CIC_00188,CONT_385037,MORTGAGE,7,0.015245,0.2548,52024.24,0,1,202.08,20,5.1,8.4,HIPOTECA,0.3,0.0287,,0,2024-05-17,9941.83
CIC_00189,CONT_130216,SME,8,0.018379,0.24,326179.01,0,1,1438.76,12,7.8,9.9,FINANCIERO,0.0,0.0177,,0,2024-10-18,58712.22
CIC_00190,CONT_834611,RETAIL,8,0.018379,0.2761,60904.05,0,1,309.05,33,7.4,5.6,PERSONAL,0.0,0.0217,,0,2024-04-24,12611.71
CIC_00191,CONT_352593,CORP,7,0.015245,0.6485,128045.61,0,1,1265.91,8,3.4,9.5,NINGUNA,0.45,0.028,,0,2024-09-15,62278.18
CIC_00192,CONT_100177,MORTGAGE,5,0.009518,0.3151,115239.73,54,2,345.62,8,4.9,7.5,HIPOTECA,0.3,0.015,2024-04-17,0,2024-06-10,27234.03
CIC_00193,CONT_574514,CORP,10,0.025119,0.739,320581.37,29,1,5950.93,35,6.6,7.0,NINGUNA,0.45,0.0136,2024-09-14,0,2024-10-13,177682.22
CIC_00194,CONT_511981,CORP,2,0.002639,0.6778,114764.82,0,1,205.28,24,6.2,6.0,NINGUNA,0.45,0.0215,,0,2024-07-28,58340.7
CIC_00195,CONT_150931,RETAIL,8,0.018379,0.2474,99336.49,0,1,451.68,33,7.3,8.5,PERSONAL,0.0,0.0137,,0,2024-10-28,18431.89
CIC_00196,CONT_517196,SME,10,0.025119,0.1449,256624.79,6,1,934.05,28,5.1,7.2,FINANCIERO,0.0,0.0151,2024-07-09,0,2024-07-15,27888.7
CIC_00197,CONT_286450,MORTGAGE,5,0.009518,0.4359,71019.06,0,1,294.65,29,7.7,9.4,HIPOTECA,0.3,0.0063,,0,2024-12-31,23217.91
CIC_00198,CONT_400538,MORTGAGE,2,0.002639,0.5282,283328.7,19,1,394.94,7,8.5,7.9,HIPOTECA,0.3,0.0032,2024-06-25,0,2024-07-14,112240.66
CIC_00199,CONT_500118,MORTGAGE,3,0.004656,0.5518,346844.45,0,1,891.11,36,6.5,8.3,HIPOTECA,0.3,0.0194,,0,2024-07-18,143541.58
CIC_00200,CONT_913848,SME,7,0.015245,0.287,488032.25,0,1,2135.29,35,5.6,8.3,FINANCIERO,0.0,0.019,,0,2024-12-29,105048.94
CIC_00201,CONT_911242,RETAIL,5,0.000141,0.1346,491809.4,3,1,9.33,26,5.0,6.6,PERSONAL,0.0,0.0048,2024-05-07,0,2024-05-10,49648.16
CIC_00202,CONT_889216,MORTGAGE,8,0.018379,0.537,277329.29,0,1,2737.11,14,8.8,7.8,HIPOTECA,0.3,0.0161,,0,2024-02-17,111694.37
CIC_00203,CONT_859143,SME,9,0.021674,0.2471,490660.93,0,1,2627.81,16,8.6,8.3,FINANCIERO,0.0,0.0205,,0,2024-06-13,90931.74
CIC_00204,CONT_760093,MORTGAGE,1,0.001,0.5734,411943.99,0,1,236.21,19,4.7,9.5,HIPOTECA,0.3,0.0284,,0,2024-03-26,177156.51
CIC_00205,CONT_371212,RETAIL,7,6e-05,0.2507,106761.89,27,1,1.61,9,8.7,8.9,PERSONAL,0.0,0.01,2024-01-18,0,2024-02-14,20073.9
CIC_00206,CONT_819195,SME,7,0.015245,0.1353,205201.77,11,1,423.26,11,6.9,8.4,FINANCIERO,0.0,0.0176,2024-12-13,0,2024-12-24,20822.85
CIC_00207,CONT_779414,MORTGAGE,10,0.025119,0.326,383810.75,54,2,3142.95,13,4.6,6.2,HIPOTECA,0.3,0.0239,2024-08-13,0,2024-10-06,93841.73
CIC_00208,CONT_746850,MORTGAGE,1,0.001,0.4661,279759.52,4,1,130.4,18,6.3,8.0,HIPOTECA,0.3,0.0222,2024-06-21,0,2024-06-25,97796.93
CIC_00209,CONT_345925,MORTGAGE,4,0.006964,0.3344,337134.07,84,2,785.1,29,8.7,10.0,HIPOTECA,0.3,0.0087,2023-11-12,0,2024-02-04,84553.22
CIC_00210,CONT_771967,CORP,5,0.009518,0.6359,450558.7,0,1,2727.0,27,7.5,8.6,NINGUNA,0.45,0.0242,,0,2024-08-07,214882.71
CIC_00211,CONT_757057,SME,5,0.009518,0.252,71481.39,0,1,171.45,12,6.1,6.9,FINANCIERO,0.0,0.0182,,0,2024-05-23,13509.98
CIC_00212,CONT_405134,CORP,2,0.002639,0.7176,425545.7,31,2,805.88,26,5.5,5.7,NINGUNA,0.45,0.0162,2024-10-30,0,2024-11-30,229028.7
CIC_00213,CONT_253300,RETAIL,8,0.018379,0.1503,49824.24,12,1,137.63,30,8.3,9.1,PERSONAL,0.0,0.0154,2024-08-04,0,2024-08-16,5616.44
CIC_00214,CONT_670792,SME,6,0.000192,0.0121,381928.83,0,1,0.89,5,4.7,6.4,FINANCIERO,0.0,0.0136,,0,2024-01-24,3466.0
CIC_00215,CONT_341162,RETAIL,7,0.015245,0.1961,185821.91,0,1,555.52,21,6.2,6.4,PERSONAL,0.0,0.026,,0,2024-09-06,27329.76
CIC_00216,CONT_123536,CORP,9,0.021674,0.643,109700.97,6,1,1528.83,34,8.2,8.5,NINGUNA,0.45,0.0034,2024-12-05,0,2024-12-11,52903.29
CIC_00217,CONT_189913,RETAIL,1,0.001,0.0384,298212.09,0,1,11.45,14,7.1,5.8,PERSONAL,0.0,0.0122,,0,2024-10-15,8588.51
CIC_00218,CONT_213844,RETAIL,8,0.018379,0.182,238349.66,40,2,797.27,28,7.2,9.1,PERSONAL,0.0,0.0079,2024-11-07,0,2024-12-17,32534.73
CIC_00219,CONT_101258,CORP,4,0.006964,0.6068,455122.92,22,1,1923.24,10,5.3,9.6,NINGUNA,0.45,0.0159,2024-02-08,0,2024-03-01,207126.44
CIC_00220,CONT_187889,SME,9,0.021674,0.1262,438038.03,0,1,1198.15,20,8.1,9.1,FINANCIERO,0.0,0.0222,,0,2024-12-22,41460.3
CIC_00221,CONT_483405,MORTGAGE,10,0.025119,0.563,207280.12,7,1,2931.35,31,5.0,5.5,HIPOTECA,0.3,0.0123,2024-02-17,0,2024-02-24,87524.03
CIC_00222,CONT_269654,MORTGAGE,7,0.015245,0.5265,209547.94,0,1,1681.93,27,7.0,7.7,HIPOTECA,0.3,0.0212,,0,2024-03-11,82745.24
CIC_00223,CONT_859687,CORP,4,0.006964,0.6025,394110.16,0,1,1653.61,35,8.8,5.5,NINGUNA,0.45,0.0278,,0,2024-08-10,178088.53
CIC_00224,CONT_786837,SME,7,0.015245,0.1842,262897.74,120,3,738.25,4,8.2,8.4,FINANCIERO,0.0,0.0197,2024-05-25,0,2024-09-22,36319.32
CIC_00225,CONT_735818,CORP,3,0.004656,0.4761,141588.75,0,1,313.86,11,5.4,5.6,NINGUNA,0.45,0.0218,,0,2024-10-13,50557.8
CIC_00226,CONT_690525,RETAIL,8,0.018379,0.2789,289578.83,0,1,1484.35,12,7.0,7.8,PERSONAL,0.0,0.0287,,0,2024-10-02,60572.65
CIC_00227,CONT_110195,SME,4,0.006964,0.2272,480813.17,73,2,760.75,11,8.4,7.7,FINANCIERO,0.0,0.0237,2024-02-09,0,2024-04-22,81930.56
CIC_00228,CONT_378297,MORTGAGE,4,0.006964,0.3862,202470.67,0,1,544.54,15,8.7,7.6,HIPOTECA,0.3,0.0081,,0,2024-12-15,58645.63
CIC_00229,CONT_702427,RETAIL,4,0.006964,0.0608,128599.24,52,2,54.45,7,5.0,5.9,PERSONAL,0.0,0.0257,2023-12-01,0,2024-01-22,5864.13
CIC_00230,CONT_582418,MORTGAGE,8,0.018379,0.3549,383309.85,0,1,2500.22,24,7.1,5.7,HIPOTECA,0.3,0.001,,0,2024-06-26,102027.5
CIC_00231,CONT_995825,MORTGAGE,1,0.001,0.3035,109322.43,0,1,33.18,16,8.4,6.3,HIPOTECA,0.3,0.0288,,0,2024-06-24,24884.52
CIC_00232,CONT_642121,SME,5,0.009518,0.1352,287847.81,73,2,370.41,7,7.7,9.1,FINANCIERO,0.0,0.0059,2024-01-04,0,2024-03-17,29187.77
CIC_00233,CONT_531762,MORTGAGE,8,0.018379,0.39,283258.53,0,1,2030.34,24,5.2,6.5,HIPOTECA,0.3,0.0029,,0,2024-06-20,82853.12
CIC_00234,CONT_946952,CORP,6,0.012286,0.7102,481742.7,180,3,4203.45,24,5.8,7.0,NINGUNA,0.45,0.0134,2023-08-14,0,2024-02-10,256600.25
CIC_00235,CONT_572161,MORTGAGE,7,0.015245,0.4894,287960.6,0,1,2148.45,31,6.0,6.9,HIPOTECA,0.3,0.0193,,0,2024-05-18,105695.94
CIC_00236,CONT_748127,SME,3,0.004656,0.0552,16435.04,219,3,4.22,7,7.7,5.9,FINANCIERO,0.0,0.0019,2024-01-24,0,2024-08-30,680.41
CIC_00237,CONT_666843,RETAIL,2,0.002639,0.1964,443308.3,10,1,229.77,35,6.5,6.1,PERSONAL,0.0,0.0011,2024-06-21,0,2024-07-01,65299.31
CIC_00238,CONT_532227,MORTGAGE,9,0.021674,0.4335,484923.42,23,1,4556.18,22,6.6,8.9,HIPOTECA,0.3,0.0192,2024-05-15,0,2024-06-07,157660.73
CIC_00239,CONT_687783,MORTGAGE,3,0.004656,0.3911,5045.71,0,1,9.19,33,6.6,5.5,HIPOTECA,0.3,0.0003,,0,2024-08-08,1480.03
CIC_00240,CONT_532961,SME,7,0.015245,0.075,358894.3,0,1,410.35,33,4.9,8.3,FINANCIERO,0.0,0.0184,,0,2024-12-21,20187.8
CIC_00241,CONT_108602,RETAIL,2,0.002639,0.0547,148349.67,0,1,21.41,4,7.3,6.3,PERSONAL,0.0,0.016,,0,2024-04-05,6086.05
CIC_00242,CONT_500112,RETAIL,2,0.000227,0.0452,249321.88,56,2,2.56,8,6.7,7.2,PERSONAL,0.0,0.0225,2024-01-19,0,2024-03-15,8452.01
CIC_00243,CONT_144235,CORP,2,0.002639,0.7424,358767.85,0,1,702.9,25,9.0,6.4,NINGUNA,0.45,0.0063,,0,2024-07-18,199761.94
CIC_00244,CONT_725173,CORP,5,0.009518,0.5944,152912.48,86,2,865.1,7,5.5,3.2,NINGUNA,0.45,0.0238,2024-08-01,0,2024-10-26,68168.38
CIC_00245,CONT_944654,RETAIL,6,0.012286,0.2312,128117.52,264,3,363.92,20,9.0,8.3,PERSONAL,0.0,0.021,2023-06-05,0,2024-02-24,22215.58
CIC_00246,CONT_681456,SME,4,0.006964,0.0064,191995.62,38,2,8.56,26,6.7,7.5,FINANCIERO,0.0,0.0057,2024-02-27,0,2024-04-05,921.58
CIC_00247,CONT_506313,RETAIL,2,0.002639,0.1593,227445.18,0,1,95.62,9,8.0,7.8,PERSONAL,0.0,0.0109,,0,2024-11-13,27174.01
CIC_00248,CONT_698749,RETAIL,9,0.021674,0.205,384038.38,0,1,1706.35,2,7.4,6.0,PERSONAL,0.0,0.0251,,0,2024-03-07,59045.9
CIC_00249,CONT_536158,SME,8,0.018379,0.1577,352150.44,0,1,1020.66,29,7.7,5.6,FINANCIERO,0.0,0.0267,,0,2024-02-10,41650.59
CIC_00250,CONT_535352,MORTGAGE,1,0.001,0.5471,136578.74,76,2,74.72,8,4.9,6.5,HIPOTECA,0.3,0.0069,2024-05-01,0,2024-07-16,56041.67
CIC_00251,CONT_985893,CORP,10,0.025119,0.5574,232066.69,0,1,3249.24,30,5.3,7.3,NINGUNA,0.45,0.03,,0,2024-08-14,97015.48
CIC_00252,CONT_414922,MORTGAGE,7,2e-05,0.5293,218141.1,24,1,2.31,3,5.5,8.9,HIPOTECA,0.3,0.0134,2024-06-28,0,2024-07-22,86596.56
CIC_00253,CONT_196369,RETAIL,4,0.006964,0.2567,15742.18,232,3,28.14,8,6.8,8.1,PERSONAL,0.0,0.0138,2023-08-01,0,2024-03-20,3030.76
CIC_00254,CONT_450632,SME,10,0.000236,0.2754,368461.65,0,1,23.95,35,8.2,8.6,FINANCIERO,0.0,0.0179,,0,2024-06-02,76105.75
CIC_00255,CONT_511967,MORTGAGE,7,0.015245,0.425,434576.39,28,1,2815.67,10,8.3,9.7,HIPOTECA,0.3,0.0012,2024-09-05,0,2024-10-03,138521.22
CIC_00256,CONT_307731,SME,10,0.025119,0.1726,49591.06,0,1,215.0,26,6.0,7.6,FINANCIERO,0.0,0.0026,,0,2024-09-13,6419.56
CIC_00257,CONT_787247,SME,7,0.015245,0.1957,102069.15,0,1,304.52,30,4.8,9.0,FINANCIERO,0.0,0.0027,,0,2024-12-09,14981.2
CIC_00258,CONT_114400,CORP,5,0.009518,0.5008,178109.62,27,1,848.98,3,6.5,9.7,NINGUNA,0.45,0.0047,2024-01-17,0,2024-02-13,66897.97
CIC_00259,CONT_163029,MORTGAGE,2,0.002639,0.3915,238239.2,0,1,246.14,28,6.9,6.7,HIPOTECA,0.3,0.0042,,0,2024-12-23,69952.99
CIC_00260,CONT_608205,MORTGAGE,4,0.006964,0.5368,310892.56,0,1,1162.2,6,7.5,8.5,HIPOTECA,0.3,0.0088,,0,2024-11-28,125165.34
CIC_00261,CONT_625600,CORP,3,0.004656,0.5097,483561.73,0,1,1147.57,21,8.7,6.9,NINGUNA,0.45,0.0006,,0,2024-12-16,184853.56
CIC_00262,CONT_547180,MORTGAGE,1,0.001,0.4877,439945.25,106,3,214.56,21,8.8,6.5,HIPOTECA,0.3,0.0026,2024-03-30,0,2024-07-14,160920.97
CIC_00263,CONT_265725,MORTGAGE,10,0.025119,0.3988,273405.71,7,1,2738.83,18,7.6,6.4,HIPOTECA,0.3,0.027,2024-03-03,0,2024-03-10,81775.65
CIC_00264,CONT_741709,MORTGAGE,2,0.002639,0.4672,474557.77,41,2,585.1,22,5.2,5.6,HIPOTECA,0.3,0.0091,2024-10-12,0,2024-11-22,166285.04
CIC_00265,CONT_528436,MORTGAGE,10,0.025119,0.4701,119301.12,0,1,1408.76,36,7.6,7.6,HIPOTECA,0.3,0.0214,,0,2024-07-10,42062.59
CIC_00266,CONT_855185,CORP,5,0.009518,0.7351,115164.34,0,1,805.77,24,8.7,9.9,NINGUNA,0.45,0.026,,0,2024-05-06,63492.98
CIC_00267,CONT_761282,MORTGAGE,7,0.015245,0.4835,372521.59,20,1,2745.84,23,7.7,5.7,HIPOTECA,0.3,0.0263,2024-04-15,0,2024-05-05,135085.64
CIC_00268,CONT_829928,CORP,4,0.006964,0.5374,202029.75,0,1,756.09,31,6.4,8.3,NINGUNA,0.45,0.0043,,0,2024-11-26,81428.09
CIC_00269,CONT_636521,RETAIL,7,0.015245,0.1241,228188.5,59,2,431.71,31,4.9,7.0,PERSONAL,0.0,0.0027,2024-10-29,0,2024-12-27,21238.64
CIC_00270,CONT_223264,RETAIL,7,0.015245,0.1651,26733.51,6,1,67.29,14,7.5,6.2,PERSONAL,0.0,0.0015,2024-05-31,0,2024-06-06,3310.28
CIC_00271,CONT_684632,RETAIL,4,0.006964,0.0011,383870.92,59,2,2.94,1,6.9,5.5,PERSONAL,0.0,0.0198,2024-06-22,0,2024-08-20,316.69
CIC_00272,CONT_700081,RETAIL,1,0.001,0.0555,32256.65,32,2,1.79,19,7.5,9.3,PERSONAL,0.0,0.0015,2024-06-30,0,2024-08-01,1342.68
CIC_00273,CONT_320038,RETAIL,8,0.018379,0.2248,183293.38,0,1,757.29,35,8.5,9.2,PERSONAL,0.0,0.0088,,0,2024-03-09,30903.26
CIC_00274,CONT_620509,RETAIL,10,0.025119,0.0175,287826.7,0,1,126.52,22,7.6,9.7,PERSONAL,0.0,0.0095,,0,2024-09-26,3777.73
CIC_00275,CONT_310960,SME,8,0.018379,0.2424,442413.52,239,1,1970.98,32,4.5,5.6,FINANCIERO,0.0,0.024,2023-12-05,0,2024-07-31,80430.78
CIC_00276,CONT_242348,MORTGAGE,5,0.009518,0.5371,157347.41,65,1,804.38,32,5.0,7.0,HIPOTECA,0.3,0.0288,2024-01-25,0,2024-03-30,63383.47
CIC_00277,CONT_938373,SME,3,0.004656,0.1882,446568.87,0,1,391.31,35,8.2,9.7,FINANCIERO,0.0,0.0169,,0,2024-12-13,63033.2
CIC_00278,CONT_489633,MORTGAGE,2,0.002639,0.5909,143827.71,1,1,224.28,7,8.3,8.1,HIPOTECA,0.3,0.0259,2024-06-05,0,2024-06-06,63740.85
CIC_00279,CONT_906859,SME,5,0.009518,0.0648,154647.56,53,2,95.38,34,8.6,7.5,FINANCIERO,0.0,0.015,2024-02-14,0,2024-04-07,7515.87
CIC_00280,CONT_881770,CORP,9,0.021674,0.653,70694.99,0,1,1000.55,10,8.4,6.0,NINGUNA,0.45,0.0178,,0,2024-02-14,34622.87
CIC_00281,CONT_676051,MORTGAGE,1,0.001,0.4733,159510.73,0,1,75.5,7,5.8,7.9,HIPOTECA,0.3,0.0045,,0,2024-05-20,56622.32
CIC_00282,CONT_823648,MORTGAGE,5,0.000117,0.1745,353655.08,0,1,7.22,8,5.9,9.5,HIPOTECA,0.3,0.0009,,0,2024-12-11,46284.61
CIC_00283,CONT_334665,SME,10,0.025119,0.1067,169504.39,131,3,454.31,11,7.9,7.6,FINANCIERO,0.0,0.0276,2024-04-18,0,2024-08-27,13564.59
CIC_00284,CONT_525392,RETAIL,10,0.025119,0.0774,184907.43,74,2,359.5,11,8.5,7.5,PERSONAL,0.0,0.0105,2024-06-11,0,2024-08-24,10733.88
CIC_00285,CONT_694764,CORP,6,0.012286,0.6168,40107.38,0,1,303.93,14,6.4,8.3,NINGUNA,0.45,0.0115,,0,2024-06-23,18553.67
CIC_00286,CONT_792232,MORTGAGE,9,4e-05,0.5082,90677.3,0,1,1.84,35,7.2,7.0,HIPOTECA,0.3,0.0092,,0,2024-07-26,34561.65
CIC_00287,CONT_555844,CORP,2,0.002639,0.5153,73763.79,87,2,100.31,21,7.5,7.5,NINGUNA,0.45,0.0134,2024-01-19,0,2024-04-15,28507.86
CIC_00288,CONT_501384,MORTGAGE,2,0.002639,0.4748,307687.92,55,2,385.53,7,4.8,9.6,HIPOTECA,0.3,0.0246,2024-05-08,0,2024-07-02,109567.67
CIC_00289,CONT_789886,SME,7,0.015245,0.1306,109551.96,0,1,218.12,1,6.2,9.7,FINANCIERO,0.0,0.0262,,0,2024-03-05,10730.61
CIC_00290,CONT_846722,SME,3,0.004656,0.0254,322910.24,85,2,38.19,14,3.4,9.7,FINANCIERO,0.0,0.0127,2024-05-25,0,2024-08-18,6151.44
CIC_00291,CONT_801200,MORTGAGE,7,0.015245,0.2691,290294.41,2,1,1190.91,8,5.0,7.7,HIPOTECA,0.3,0.0158,2024-05-21,0,2024-05-23,58588.67
CIC_00292,CONT_164401,CORP,9,0.021674,0.6894,159687.36,0,1,2386.06,5,4.5,7.5,NINGUNA,0.45,0.0126,,0,2024-05-30,82566.35
CIC_00293,CONT_568349,SME,10,4.1e-05,0.0507,30551.84,0,1,0.06,17,4.9,7.8,FINANCIERO,0.0,0.0084,,0,2024-05-11,1161.73
CIC_00294,CONT_461838,MORTGAGE,3,0.004656,0.3784,351883.56,0,1,619.96,35,4.9,6.2,HIPOTECA,0.3,0.0298,,0,2024-07-15,99864.55
CIC_00295,CONT_936039,CORP,5,0.009518,0.6766,62417.21,0,1,401.96,16,6.6,9.8,NINGUNA,0.45,0.0212,,0,2024-08-30,31673.61
CIC_00296,CONT_808094,SME,7,0.015245,0.2035,481072.55,140,3,1492.46,28,7.4,9.8,FINANCIERO,0.0,0.0258,2024-02-01,0,2024-06-20,73423.7
CIC_00297,CONT_124851,RETAIL,10,0.025119,0.2311,262376.4,0,1,1523.1,9,4.5,5.5,PERSONAL,0.0,0.0158,,0,2024-12-16,45476.39
CIC_00298,CONT_408877,CORP,1,0.001,0.7316,330019.73,27,1,241.44,21,5.0,9.4,NINGUNA,0.45,0.027,2024-09-19,0,2024-10-16,181081.83
CIC_00299,CONT_377521,SME,2,0.002639,0.1916,461734.22,9,1,233.47,14,7.5,9.0,FINANCIERO,0.0,0.0083,2024-01-23,0,2024-02-01,66351.21
CIC_00300,CONT_914992,RETAIL,8,0.018379,0.0208,489813.88,0,1,187.25,2,6.7,6.1,PERSONAL,0.0,0.0032,,0,2024-08-14,7641.1
CIC_00301,CONT_173504,SME,1,0.001,0.269,78682.87,21,1,21.17,7,5.7,8.7,FINANCIERO,0.0,0.0212,2024-08-18,0,2024-09-08,15874.27
CIC_00302,CONT_581966,RETAIL,1,0.001,0.1153,346184.35,25,1,39.92,6,8.7,7.1,PERSONAL,0.0,0.0299,2024-11-02,0,2024-11-27,29936.29
CIC_00303,CONT_166052,MORTGAGE,4,0.006964,0.353,24468.94,0,1,60.15,6,6.3,6.0,HIPOTECA,0.3,0.019,,0,2024-04-07,6478.15
CIC_00304,CONT_175532,MORTGAGE,8,0.018379,0.4602,417953.89,0,1,3535.06,12,6.0,8.7,HIPOTECA,0.3,0.0196,,0,2024-09-24,144256.79
CIC_00305,CONT_621292,CORP,3,0.004656,0.5967,14436.19,20,1,40.11,18,5.1,6.3,NINGUNA,0.45,0.0029,2024-10-19,0,2024-11-08,6460.56
CIC_00306,CONT_535320,RETAIL,2,0.002639,0.2413,215974.67,0,1,137.53,19,8.9,8.1,PERSONAL,0.0,0.0238,,0,2024-01-24,39086.02
CIC_00307,CONT_910090,RETAIL,6,0.012286,0.166,222137.3,0,1,453.04,5,8.3,8.3,PERSONAL,0.0,0.0024,,0,2024-01-04,27656.09
CIC_00308,CONT_223215,SME,3,0.004656,0.0618,321713.72,0,1,92.57,14,2.7,8.6,FINANCIERO,0.0,0.0184,,0,2024-02-15,14911.43
CIC_00309,CONT_319770,CORP,10,0.025119,0.5586,381758.48,0,1,5356.63,4,3.1,6.4,NINGUNA,0.45,0.0045,,0,2024-08-30,159937.72
CIC_00310,CONT_308405,SME,5,0.009518,0.1003,403551.07,0,1,385.25,5,4.7,7.9,FINANCIERO,0.0,0.0154,,0,2024-02-06,30357.13
CIC_00311,CONT_476009,MORTGAGE,4,0.006964,0.5337,166435.45,45,2,618.59,27,6.2,6.5,HIPOTECA,0.3,0.0267,2024-01-30,0,2024-03-15,66619.95
CIC_00312,CONT_679606,MORTGAGE,4,0.006964,0.4008,20886.82,0,1,58.3,33,8.3,7.6,HIPOTECA,0.3,0.0266,,0,2024-11-05,6278.58
CIC_00313,CONT_593515,RETAIL,2,0.002639,0.1235,263275.55,43,1,85.81,16,5.8,8.8,PERSONAL,0.0,0.0174,2024-09-16,0,2024-10-29,24385.9
CIC_00314,CONT_269662,CORP,7,0.015245,0.6093,242238.32,0,1,2250.1,31,3.9,8.0,NINGUNA,0.45,0.0285,,0,2024-03-08,110696.86
CIC_00315,CONT_668784,SME,10,0.00026,0.2242,17084.67,59,2,1.0,29,6.3,4.7,FINANCIERO,0.0,0.019,2024-09-19,0,2024-11-17,2872.79
CIC_00316,CONT_665847,RETAIL,2,0.002639,0.1861,171168.86,62,2,84.06,10,5.0,7.1,PERSONAL,0.0,0.0053,2024-08-12,0,2024-10-13,23890.89
CIC_00317,CONT_657742,CORP,8,0.018379,0.6712,377377.18,74,2,4655.32,25,7.9,6.9,NINGUNA,0.45,0.0083,2023-11-20,0,2024-02-02,189971.67
CIC_00318,CONT_757746,MORTGAGE,8,0.018379,0.4863,400952.41,0,1,3583.6,14,8.5,5.9,HIPOTECA,0.3,0.0287,,0,2024-02-25,146237.37
CIC_00319,CONT_442157,CORP,5,0.009518,0.575,342789.67,0,1,1876.04,5,7.8,5.6,NINGUNA,0.45,0.0241,,0,2024-09-23,147828.05
CIC_00320,CONT_748680,SME,10,0.025119,0.1998,267432.28,0,1,1342.18,6,5.1,9.1,FINANCIERO,0.0,0.0145,,0,2024-05-27,40074.73
CIC_00321,CONT_570211,RETAIL,9,0.021674,0.0856,486737.01,0,1,903.04,6,5.0,10.0,PERSONAL,0.0,0.0111,,0,2024-04-15,31248.52
CIC_00322,CONT_701596,RETAIL,9,0.021674,0.0905,460614.82,89,2,903.49,9,8.8,9.7,PERSONAL,0.0,0.0164,2024-06-19,0,2024-09-16,31264.23
CIC_00323,CONT_652005,RETAIL,10,0.025119,0.2186,461534.59,11,1,2534.29,1,8.6,6.1,PERSONAL,0.0,0.012,2024-04-11,0,2024-04-22,75668.6
CIC_00324,CONT_398477,RETAIL,5,0.009518,0.0587,46376.83,135,3,25.91,28,6.3,7.7,PERSONAL,0.0,0.0017,2024-07-25,0,2024-12-07,2041.74
CIC_00325,CONT_417960,MORTGAGE,6,0.012286,0.3924,225560.14,18,1,1087.43,18,6.5,10.0,HIPOTECA,0.3,0.0218,2024-07-18,0,2024-08-05,66382.35
CIC_00326,CONT_962767,SME,9,0.021674,0.296,37727.31,0,1,242.04,14,6.3,9.6,FINANCIERO,0.0,0.0213,,0,2024-03-11,8375.46
CIC_00327,CONT_727983,MORTGAGE,10,0.025119,0.3912,281844.12,44,2,2769.56,12,5.2,6.0,HIPOTECA,0.3,0.0268,2024-06-18,0,2024-08-01,82693.06
CIC_00328,CONT_473276,MORTGAGE,10,0.025119,0.4441,220853.91,334,3,2463.7,9,3.0,7.2,HIPOTECA,0.3,0.0049,2023-03-02,0,2024-01-30,73560.92
CIC_00329,CONT_468710,CORP,5,0.009518,0.5375,321278.53,62,2,1643.64,26,5.3,5.9,NINGUNA,0.45,0.0095,2024-10-15,0,2024-12-16,129515.41
CIC_00330,CONT_677883,RETAIL,1,0.001,0.0411,144301.79,0,1,5.93,25,8.6,6.0,PERSONAL,0.0,0.0057,,0,2024-10-13,4448.1
CIC_00331,CONT_249274,CORP,7,0.015245,0.5881,42818.16,0,1,383.89,2,5.9,7.1,NINGUNA,0.45,0.0291,,0,2024-03-29,18886.02
CIC_00332,CONT_110771,RETAIL,5,0.009518,0.0376,69458.03,0,1,24.86,4,2.9,8.9,PERSONAL,0.0,0.0238,,0,2024-09-19,1958.72
CIC_00333,CONT_900319,CORP,2,0.002639,0.726,106673.59,29,1,204.38,27,4.4,6.2,NINGUNA,0.45,0.0048,2024-08-15,0,2024-09-13,58083.77
CIC_00334,CONT_544692,CORP,9,0.021674,0.5151,99816.02,93,3,1114.37,36,4.9,6.5,NINGUNA,0.45,0.011,2024-07-27,0,2024-10-28,38561.42
CIC_00335,CONT_981946,RETAIL,9,0.021674,0.0683,60858.51,0,1,90.09,26,5.1,8.9,PERSONAL,0.0,0.0025,,0,2024-09-09,3117.48
CIC_00336,CONT_520085,SME,4,0.006964,0.1662,148841.72,57,2,172.27,6,8.5,9.1,FINANCIERO,0.0,0.0202,2024-10-14,0,2024-12-10,18553.12
CIC_00337,CONT_799061,CORP,3,0.004656,0.4694,487727.71,0,1,1065.94,33,8.3,8.8,NINGUNA,0.45,0.0175,,0,2024-05-19,171704.54
CIC_00338,CONT_260155,SME,8,0.018379,0.1534,77950.18,0,1,219.77,3,6.7,8.3,FINANCIERO,0.0,0.0016,,0,2024-02-04,8968.17
CIC_00339,CONT_994303,MORTGAGE,10,0.025119,0.487,381284.86,78,2,4664.24,7,8.1,6.4,HIPOTECA,0.3,0.0163,2024-07-17,0,2024-10-03,139264.3
CIC_00340,CONT_995852,SME,8,0.018379,0.1379,21265.6,72,2,53.9,31,5.2,7.4,FINANCIERO,0.0,0.0229,2024-08-07,0,2024-10-18,2199.39
CIC_00341,CONT_468332,RETAIL,9,0.00026,0.0167,135378.54,54,2,0.59,10,5.8,5.8,PERSONAL,0.0,0.011,2024-09-01,0,2024-10-25,1695.62
CIC_00342,CONT_431889,CORP,4,0.006964,0.5243,325801.0,35,2,1189.57,8,5.0,6.3,NINGUNA,0.45,0.0197,2024-06-30,0,2024-08-04,128113.1
CIC_00343,CONT_324479,SME,10,0.025119,0.1171,288406.63,26,1,848.33,14,4.5,7.7,FINANCIERO,0.0,0.0109,2024-07-16,0,2024-08-11,25329.31
CIC_00344,CONT_416509,MORTGAGE,5,0.009518,0.3143,498132.71,13,1,1490.17,12,8.8,8.7,HIPOTECA,0.3,0.0082,2024-10-04,0,2024-10-17,117422.33
CIC_00345,CONT_768914,MORTGAGE,7,0.015245,0.499,160109.72,14,1,1218.0,9,6.5,8.9,HIPOTECA,0.3,0.0155,2024-03-22,0,2024-04-05,59921.06
CIC_00346,CONT_268384,SME,10,0.025119,0.218,34641.42,0,1,189.69,36,5.2,8.6,FINANCIERO,0.0,0.0096,,0,2024-02-02,5663.87
CIC_00347,CONT_284533,MORTGAGE,10,0.025119,0.3708,123049.29,0,1,1146.1,22,8.2,7.6,HIPOTECA,0.3,0.0272,,0,2024-04-13,34220.01
CIC_00348,CONT_870158,CORP,8,0.018379,0.6847,32387.0,29,1,407.56,20,8.4,9.6,NINGUNA,0.45,0.0266,2024-06-23,0,2024-07-22,16631.53
CIC_00349,CONT_328598,CORP,9,0.021674,0.6493,292307.77,0,1,4113.63,33,8.5,6.6,NINGUNA,0.45,0.0099,,0,2024-10-26,142346.58
CIC_00350,CONT_961264,RETAIL,2,0.002639,0.0525,485112.12,56,2,67.21,19,4.8,7.9,PERSONAL,0.0,0.0142,2024-03-11,0,2024-05-06,19101.29
CIC_00351,CONT_108248,MORTGAGE,1,0.001,0.4936,453088.57,2,1,223.64,21,8.0,6.6,HIPOTECA,0.3,0.0288,2024-07-02,0,2024-07-04,167733.39
CIC_00352,CONT_982023,SME,5,0.009518,0.0903,468479.59,0,1,402.65,8,8.5,9.6,FINANCIERO,0.0,0.0122,,0,2024-01-18,31727.78
CIC_00353,CONT_420389,MORTGAGE,7,0.015245,0.563,411019.45,0,1,3527.75,32,2.6,8.2,HIPOTECA,0.3,0.0209,,0,2024-01-27,173552.96
CIC_00354,CONT_512608,MORTGAGE,10,0.025119,0.3247,83122.11,75,2,677.96,23,7.6,9.1,HIPOTECA,0.3,0.0221,2024-02-28,0,2024-05-13,20242.31
CIC_00355,CONT_651380,SME,10,0.025119,0.0673,474314.06,208,1,801.83,10,8.9,6.4,FINANCIERO,0.0,0.0129,2023-10-18,0,2024-05-13,23941.0
CIC_00356,CONT_538651,SME,8,0.018379,0.2482,249603.77,0,1,1138.61,32,8.4,9.0,FINANCIERO,0.0,0.0039,,0,2024-04-15,46463.74
CIC_00357,CONT_726205,RETAIL,7,0.015245,0.2377,19242.69,321,3,69.73,7,6.2,8.6,PERSONAL,0.0,0.004,2023-07-29,0,2024-06-14,3430.49
CIC_00358,CONT_686741,MORTGAGE,2,0.002639,0.3286,34082.4,0,1,29.56,31,6.1,8.2,HIPOTECA,0.3,0.0014,,0,2024-05-09,8399.61
CIC_00359,CONT_550977,CORP,10,0.025119,0.5038,89083.92,89,2,1127.35,22,5.1,6.9,NINGUNA,0.45,0.0035,2023-10-26,0,2024-01-23,33660.36
CIC_00360,CONT_271499,MORTGAGE,5,0.009518,0.4839,381974.14,0,1,1759.28,33,5.2,3.7,HIPOTECA,0.3,0.0167,,0,2024-12-02,138627.96
CIC_00361,CONT_886365,SME,7,0.015245,0.0348,448111.73,0,1,237.73,12,7.7,7.7,FINANCIERO,0.0,0.026,,0,2024-03-04,11695.72
CIC_00362,CONT_261245,MORTGAGE,10,0.000201,0.5673,294910.31,30,2,33.63,33,5.3,9.6,HIPOTECA,0.3,0.0028,2024-05-18,0,2024-06-17,125476.96
CIC_00363,CONT_936917,CORP,2,0.002639,0.5881,355314.79,16,1,551.45,23,4.5,9.9,NINGUNA,0.45,0.0219,2024-10-02,0,2024-10-18,156720.47
CIC_00364,CONT_614688,CORP,2,0.002639,0.6141,303134.31,0,1,491.26,9,8.8,9.4,NINGUNA,0.45,0.0049,,0,2024-07-25,139616.08
CIC_00365,CONT_142402,SME,5,0.009518,0.2711,303739.24,72,2,783.75,24,6.8,7.7,FINANCIERO,0.0,0.018,2023-12-06,0,2024-02-16,61757.78
CIC_00366,CONT_409834,MORTGAGE,8,0.018379,0.5029,325567.26,0,1,3009.15,7,7.4,5.9,HIPOTECA,0.3,0.024,,0,2024-06-02,122795.83
CIC_00367,CONT_147457,CORP,9,0.000217,0.473,27321.98,0,1,2.8,20,6.6,8.7,NINGUNA,0.45,0.0025,,0,2024-09-14,9692.47
CIC_00368,CONT_106131,CORP,7,0.015245,0.713,152335.52,76,2,1655.84,36,6.5,9.1,NINGUNA,0.45,0.0063,2023-11-26,0,2024-02-10,81461.42
CIC_00369,CONT_241677,SME,2,0.002639,0.004,329621.48,74,2,3.48,18,8.8,8.2,FINANCIERO,0.0,0.0292,2024-04-20,0,2024-07-03,988.86
CIC_00370,CONT_222115,CORP,4,0.006964,0.4836,12863.2,0,1,43.32,35,7.4,8.4,NINGUNA,0.45,0.0237,,0,2024-04-07,4665.48
CIC_00371,CONT_706770,RETAIL,3,0.004656,0.2216,225406.64,60,2,232.57,35,7.1,6.4,PERSONAL,0.0,0.0015,2023-11-06,0,2024-01-05,37462.58
CIC_00372,CONT_831396,MORTGAGE,1,0.001,0.4462,245619.98,0,1,109.6,19,4.8,5.6,HIPOTECA,0.3,0.008,,0,2024-11-27,82196.73
CIC_00373,CONT_973548,SME,1,0.001,0.0484,364473.52,0,1,17.64,28,5.5,9.6,FINANCIERO,0.0,0.0215,,0,2024-08-27,13230.39
CIC_00374,CONT_476215,MORTGAGE,8,0.018379,0.5399,423042.99,20,1,4197.78,15,4.9,7.7,HIPOTECA,0.3,0.0148,2024-07-11,0,2024-07-31,171300.68
CIC_00375,CONT_258522,MORTGAGE,6,0.012286,0.5031,91483.82,0,1,565.47,16,4.8,7.4,HIPOTECA,0.3,0.0067,,0,2024-05-12,34519.13
CIC_00376,CONT_562965,CORP,1,0.001,0.728,221724.22,147,3,161.42,35,8.0,8.2,NINGUNA,0.45,0.0152,2023-10-31,0,2024-03-26,121061.42
CIC_00377,CONT_357374,SME,2,0.002639,0.0463,185049.77,38,2,22.61,6,6.5,7.4,FINANCIERO,0.0,0.0142,2024-04-18,0,2024-05-26,6425.85
CIC_00378,CONT_272306,RETAIL,9,0.021674,0.1265,117950.09,302,3,323.39,2,8.5,9.8,PERSONAL,0.0,0.0283,2023-10-17,0,2024-08-14,11190.51
CIC_00379,CONT_393371,SME,1,0.001,0.118,23361.4,120,1,2.76,18,8.9,9.1,FINANCIERO,0.0,0.0266,2024-08-26,0,2024-12-24,2067.48
CIC_00380,CONT_645752,RETAIL,7,0.015245,0.1339,106541.12,18,1,217.48,33,8.5,9.0,PERSONAL,0.0,0.009,2024-01-01,0,2024-01-19,10699.39
CIC_00381,CONT_229827,MORTGAGE,4,0.006964,0.3278,278134.0,0,1,634.92,6,8.5,7.9,HIPOTECA,0.3,0.0091,,0,2024-08-04,68379.24
CIC_00382,CONT_700588,CORP,2,0.002639,0.5846,288355.46,264,3,444.86,31,8.1,10.0,NINGUNA,0.45,0.0188,2024-01-10,0,2024-09-30,126429.45
CIC_00383,CONT_716813,RETAIL,7,0.015245,0.1559,127578.5,63,2,303.22,35,6.1,5.9,PERSONAL,0.0,0.0028,2024-06-03,0,2024-08-05,14917.12
CIC_00384,CONT_134191,SME,5,0.009518,0.1753,320048.27,15,1,534.0,13,6.4,6.2,FINANCIERO,0.0,0.0137,2024-12-11,0,2024-12-26,42078.35
CIC_00385,CONT_718265,RETAIL,9,0.021674,0.1108,476151.77,0,1,1143.47,8,6.2,6.8,PERSONAL,0.0,0.0091,,0,2024-07-10,39568.21
CIC_00386,CONT_974180,SME,1,0.001,0.281,156056.16,43,2,43.85,11,6.7,6.1,FINANCIERO,0.0,0.0125,2024-09-07,0,2024-10-20,32888.84
CIC_00387,CONT_273659,RETAIL,3,0.004656,0.1514,233163.4,0,1,164.36,8,7.8,5.9,PERSONAL,0.0,0.0116,,0,2024-07-21,26475.7
CIC_00388,CONT_657695,CORP,10,0.025119,0.639,386939.59,10,1,6210.78,27,4.9,9.8,NINGUNA,0.45,0.0287,2024-09-14,0,2024-09-24,185440.8
CIC_00389,CONT_369670,RETAIL,1,0.001,0.0825,106873.47,0,1,8.82,10,6.9,6.9,PERSONAL,0.0,0.028,,0,2024-06-23,6612.8
CIC_00390,CONT_249380,CORP,2,0.002639,0.7439,273180.74,0,1,536.3,30,4.9,6.9,NINGUNA,0.45,0.0184,,0,2024-06-15,152414.36
CIC_00391,CONT_764316,SME,6,0.012286,0.0774,471080.87,0,1,447.97,25,2.1,8.1,FINANCIERO,0.0,0.0116,,0,2024-02-28,27346.24
CIC_00392,CONT_663646,RETAIL,1,0.001,0.0807,481919.97,36,2,38.89,22,7.4,6.1,PERSONAL,0.0,0.0254,2024-08-08,0,2024-09-13,29168.21
CIC_00393,CONT_394976,SME,9,0.021674,0.1355,5495.52,15,1,16.14,17,5.3,5.8,FINANCIERO,0.0,0.0252,2024-06-28,0,2024-07-13,558.48
CIC_00394,CONT_842133,CORP,3,0.004656,0.6718,283725.38,10,1,887.46,22,8.2,8.8,NINGUNA,0.45,0.0151,2024-06-01,0,2024-06-11,142955.03
CIC_00395,CONT_899502,SME,5,0.009518,0.0738,491595.86,326,3,345.31,29,6.0,9.6,FINANCIERO,0.0,0.0183,2023-02-11,0,2024-01-03,27209.83
CIC_00396,CONT_585168,SME,9,0.021674,0.0243,438976.54,34,1,231.2,20,8.2,7.5,FINANCIERO,0.0,0.0113,2024-09-30,0,2024-11-03,8000.35
CIC_00397,CONT_319242,MORTGAGE,4,0.006964,0.4334,114652.78,1,1,346.04,8,7.7,6.4,HIPOTECA,0.3,0.0215,2024-04-28,0,2024-04-29,37267.89
CIC_00398,CONT_997034,CORP,4,0.006964,0.7453,321025.87,4,1,1666.21,30,6.7,8.0,NINGUNA,0.45,0.017,2024-01-30,0,2024-02-03,179445.44
CIC_00399,CONT_387347,RETAIL,9,0.021674,0.2187,140792.35,102,3,667.37,30,7.6,6.7,PERSONAL,0.0,0.0136,2024-04-26,0,2024-08-06,23093.47
CIC_00400,CONT_178056,CORP,9,0.021674,0.59,183928.56,0,1,2352.02,9,8.6,7.9,NINGUNA,0.45,0.01,,0,2024-10-19,81388.39
CIC_00401,CONT_348243,RETAIL,4,0.006964,0.0493,158848.9,0,1,54.54,35,6.4,5.6,PERSONAL,0.0,0.0032,,0,2024-05-02,5873.44
CIC_00402,CONT_168986,CORP,10,0.025119,0.6359,383228.79,0,1,6121.38,36,4.8,5.7,NINGUNA,0.45,0.0235,,0,2024-02-01,182771.39
CIC_00403,CONT_920960,CORP,1,0.001,0.6178,150983.8,13,1,93.28,9,6.3,9.4,NINGUNA,0.45,0.0139,2024-07-25,0,2024-08-07,69958.34
CIC_00404,CONT_935741,CORP,8,0.018379,0.6052,295967.61,4,1,3292.04,27,4.8,9.1,NINGUNA,0.45,0.0153,2024-06-26,0,2024-06-30,134339.7
CIC_00405,CONT_348918,CORP,1,0.001,0.4883,294338.54,0,1,143.73,24,8.5,9.0,NINGUNA,0.45,0.0103,,0,2024-07-07,107794.13
CIC_00406,CONT_927527,CORP,7,0.015245,0.5531,488372.83,88,2,4117.96,28,6.0,8.5,NINGUNA,0.45,0.0256,2024-07-20,0,2024-10-16,202589.26
CIC_00407,CONT_404691,CORP,8,0.018379,0.5158,6830.05,0,1,64.75,1,2.3,7.7,NINGUNA,0.45,0.0062,,0,2024-04-04,2642.2
CIC_00408,CONT_497329,SME,4,0.006964,0.1894,456790.84,0,1,602.5,5,4.0,6.5,FINANCIERO,0.0,0.0254,,0,2024-05-05,64887.14
CIC_00409,CONT_828082,CORP,6,0.012286,0.7308,156010.83,8,1,1400.76,22,8.7,9.9,NINGUNA,0.45,0.002,2024-03-06,0,2024-03-14,85509.54
CIC_00410,CONT_185362,MORTGAGE,6,0.012286,0.4799,488605.86,88,2,2880.85,34,7.1,9.3,HIPOTECA,0.3,0.0074,2024-08-22,0,2024-11-18,175861.46
CIC_00411,CONT_781298,SME,10,0.025119,0.0195,256763.83,0,1,125.77,25,6.8,6.3,FINANCIERO,0.0,0.0215,,0,2024-09-10,3755.17
CIC_00412,CONT_143141,CORP,4,0.006964,0.5159,105485.25,0,1,378.98,35,6.4,7.2,NINGUNA,0.45,0.0165,,0,2024-03-09,40814.88
CIC_00413,CONT_203189,SME,9,0.021674,0.1863,215920.66,0,1,871.86,2,6.7,6.7,FINANCIERO,0.0,0.008,,0,2024-02-08,30169.51
CIC_00414,CONT_523426,CORP,2,0.002639,0.5581,275282.9,0,1,405.44,5,7.9,9.0,NINGUNA,0.45,0.0299,,0,2024-10-05,115226.54
CIC_00415,CONT_296971,SME,10,0.025119,0.2273,10885.91,62,2,62.15,24,5.5,8.8,FINANCIERO,0.0,0.0176,2024-08-08,0,2024-10-09,1855.78
CIC_00416,CONT_824061,SME,7,0.015245,0.0629,227736.11,0,1,218.38,24,8.4,6.9,FINANCIERO,0.0,0.025,,0,2024-06-22,10743.45
CIC_00417,CONT_697179,MORTGAGE,6,0.012286,0.4761,285950.83,0,1,1672.63,28,8.8,7.0,HIPOTECA,0.3,0.0117,,0,2024-07-14,102105.89
CIC_00418,CONT_530819,SME,5,0.009518,0.028,56635.02,41,2,15.09,11,3.5,5.6,FINANCIERO,0.0,0.0116,2024-03-05,0,2024-04-15,1189.34
CIC_00419,CONT_851589,SME,3,0.004656,0.2969,68923.15,0,1,95.28,18,8.6,6.4,FINANCIERO,0.0,0.0213,,0,2024-08-31,15347.46
CIC_00420,CONT_846216,SME,5,0.009518,0.0605,495587.13,15,1,285.38,24,5.6,7.0,FINANCIERO,0.0,0.0173,2024-02-01,0,2024-02-16,22487.27
CIC_00421,CONT_799040,MORTGAGE,7,0.015245,0.2683,405942.46,0,1,1660.4,30,7.3,7.4,HIPOTECA,0.3,0.0171,,0,2024-07-20,81685.77
CIC_00422,CONT_518740,CORP,4,1.7e-05,0.7226,208582.69,153,3,2.56,22,4.8,6.0,NINGUNA,0.45,0.0076,2024-04-16,0,2024-09-16,113041.39
CIC_00423,CONT_118943,RETAIL,7,0.015245,0.0113,129049.84,0,1,22.23,11,7.9,7.7,PERSONAL,0.0,0.0073,,0,2024-08-12,1093.7
CIC_00424,CONT_794723,CORP,3,0.004656,0.5382,269653.65,13,1,675.71,20,4.6,5.5,NINGUNA,0.45,0.0214,2024-11-28,0,2024-12-11,108845.7
CIC_00425,CONT_201295,CORP,7,0.015245,0.6571,224773.41,30,2,2251.67,16,8.0,9.7,NINGUNA,0.45,0.0005,2023-12-16,0,2024-01-15,110773.96
CIC_00426,CONT_330787,RETAIL,3,0.004656,0.0132,258687.55,27,1,15.9,21,2.6,5.6,PERSONAL,0.0,0.0036,2024-03-23,0,2024-04-19,2561.01
CIC_00427,CONT_830139,CORP,5,0.009518,0.645,187645.08,0,1,1151.97,31,8.0,7.7,NINGUNA,0.45,0.0297,,0,2024-10-18,90773.31
CIC_00428,CONT_746288,SME,3,0.004656,0.0996,319499.96,253,3,148.16,28,7.5,5.8,FINANCIERO,0.0,0.0135,2024-01-09,0,2024-09-18,23866.65
CIC_00429,CONT_432963,CORP,5,0.009518,0.5209,217106.45,0,1,1076.4,21,6.2,6.8,NINGUNA,0.45,0.0011,,0,2024-11-02,84818.06
CIC_00430,CONT_646802,CORP,9,0.021674,0.6875,210372.23,0,1,3134.73,5,7.8,7.0,NINGUNA,0.45,0.0275,,0,2024-05-07,108473.18
CIC_00431,CONT_361063,MORTGAGE,3,0.004656,0.2377,7991.12,126,3,8.84,5,4.7,10.0,HIPOTECA,0.3,0.0178,2023-12-10,0,2024-04-14,1424.62
CIC_00432,CONT_895720,MORTGAGE,5,0.009518,0.4729,484024.28,0,1,2178.62,24,8.9,4.5,HIPOTECA,0.3,0.0152,,0,2024-08-09,171671.31
CIC_00433,CONT_513820,MORTGAGE,10,0.025119,0.4612,278661.81,0,1,3228.26,6,6.5,7.2,HIPOTECA,0.3,0.0041,,0,2024-08-28,96389.12
CIC_00434,CONT_160507,MORTGAGE,7,0.015245,0.4469,322319.12,34,2,2195.96,14,9.0,6.1,HIPOTECA,0.3,0.0131,2024-04-06,0,2024-05-10,108033.31
CIC_00435,CONT_112936,SME,7,0.015245,0.2207,124964.67,2,1,420.45,17,7.5,8.6,FINANCIERO,0.0,0.0283,2024-03-14,0,2024-03-16,20684.78
CIC_00436,CONT_862998,CORP,2,0.002639,0.6433,458857.01,0,1,778.99,17,5.3,7.4,NINGUNA,0.45,0.015,,0,2024-09-29,221387.04
CIC_00437,CONT_402346,CORP,2,0.002639,0.6409,389462.1,0,1,658.71,9,5.4,8.9,NINGUNA,0.45,0.0245,,0,2024-01-01,187204.69
CIC_00438,CONT_754753,SME,3,0.004656,0.0529,97268.02,0,1,23.96,14,8.8,7.5,FINANCIERO,0.0,0.0225,,0,2024-04-08,3859.11
CIC_00439,CONT_493914,CORP,3,0.004656,0.4739,47425.0,0,1,104.64,4,7.1,3.8,NINGUNA,0.45,0.0226,,0,2024-01-04,16856.03
CIC_00440,CONT_976002,MORTGAGE,8,0.018379,0.442,171829.83,14,1,1395.86,20,6.0,6.4,HIPOTECA,0.3,0.0114,2024-01-16,0,2024-01-30,56961.59
CIC_00441,CONT_441337,RETAIL,1,0.001,0.1806,435157.61,0,1,78.59,25,4.3,4.4,PERSONAL,0.0,0.0056,,0,2024-11-22,58942.1
CIC_00442,CONT_699672,SME,4,0.006964,0.182,203081.77,0,1,257.4,30,8.7,9.7,FINANCIERO,0.0,0.0272,,0,2024-07-16,27720.66
CIC_00443,CONT_502118,CORP,3,0.004656,0.5994,48109.5,0,1,134.26,1,6.5,6.0,NINGUNA,0.45,0.0051,,0,2024-12-03,21627.63
CIC_00444,CONT_852293,MORTGAGE,4,0.006964,0.5158,334636.68,29,1,1202.03,11,8.7,8.4,HIPOTECA,0.3,0.01,2024-03-26,0,2024-04-24,129454.2
CIC_00445,CONT_425896,SME,9,0.021674,0.2899,221296.32,0,1,1390.47,15,4.9,5.9,FINANCIERO,0.0,0.0035,,0,2024-07-07,48115.35
CIC_00446,CONT_813011,CORP,10,0.025119,0.6107,424323.71,50,2,6509.2,27,8.7,6.1,NINGUNA,0.45,0.0119,2024-08-13,0,2024-10-02,194350.87
CIC_00447,CONT_161669,SME,3,0.004656,0.1804,77206.0,22,1,64.85,17,5.9,10.0,FINANCIERO,0.0,0.0212,2024-08-10,0,2024-09-01,10445.97
CIC_00448,CONT_465226,MORTGAGE,3,0.004656,0.5484,109253.48,24,1,278.96,7,4.7,9.4,HIPOTECA,0.3,0.0118,2024-11-09,0,2024-12-03,44935.96
CIC_00449,CONT_244243,SME,7,0.015245,0.0215,364743.53,10,1,119.55,33,7.0,5.9,FINANCIERO,0.0,0.026,2024-01-18,0,2024-01-28,5881.49
CIC_00450,CONT_159067,SME,8,0.018379,0.0873,76687.33,7,1,123.04,12,4.5,8.8,FINANCIERO,0.0,0.0297,2024-03-09,0,2024-03-16,5021.1
CIC_00451,CONT_913537,CORP,6,0.012286,0.7422,93918.28,2,1,856.41,7,7.2,9.9,NINGUNA,0.45,0.0072,2024-09-05,0,2024-09-07,52279.61
CIC_00452,CONT_199146,CORP,8,0.018379,0.7095,326903.91,0,1,4262.79,29,5.0,5.9,NINGUNA,0.45,0.0153,,0,2024-01-12,173953.74
CIC_00453,CONT_644107,RETAIL,7,0.015245,0.1453,324075.34,0,1,717.86,14,4.8,9.6,PERSONAL,0.0,0.021,,0,2024-07-20,35316.11
CIC_00454,CONT_481219,CORP,4,0.006964,0.7397,449313.14,0,1,2314.53,13,6.5,6.8,NINGUNA,0.45,0.0196,,0,2024-02-14,249267.7
CIC_00455,CONT_203818,RETAIL,7,0.015245,0.2931,330788.89,114,3,1478.07,23,6.8,9.0,PERSONAL,0.0,0.0147,2024-02-16,0,2024-06-09,72715.67
CIC_00456,CONT_366526,CORP,4,0.006964,0.461,75125.33,201,3,241.18,17,7.2,6.5,NINGUNA,0.45,0.0187,2023-07-22,0,2024-02-08,25974.58
CIC_00457,CONT_215333,SME,3,0.004656,0.1608,39926.23,24,1,29.89,28,2.4,5.4,FINANCIERO,0.0,0.0246,2024-05-17,0,2024-06-10,4815.1
CIC_00458,CONT_717429,SME,2,0.002639,0.0988,49042.21,0,1,12.79,21,8.1,6.7,FINANCIERO,0.0,0.0067,,0,2024-02-23,3634.03
CIC_00459,CONT_371645,SME,2,0.002639,0.1587,351725.49,28,1,147.31,14,8.5,6.3,FINANCIERO,0.0,0.0222,2024-09-01,0,2024-09-29,41864.13
CIC_00460,CONT_548544,CORP,9,0.021674,0.664,330493.65,0,1,4756.31,30,7.8,9.9,NINGUNA,0.45,0.0212,,0,2024-04-03,164585.84
CIC_00461,CONT_633392,RETAIL,5,0.009518,0.1907,48036.43,56,2,87.19,11,7.4,5.8,PERSONAL,0.0,0.0017,2024-03-31,0,2024-05-26,6870.41
CIC_00462,CONT_653764,RETAIL,8,0.018379,0.1493,344135.32,0,1,944.3,31,7.3,9.6,PERSONAL,0.0,0.016,,0,2024-06-25,38534.55
CIC_00463,CONT_665307,CORP,10,0.025119,0.5846,88423.51,359,3,1298.46,25,5.3,7.2,NINGUNA,0.45,0.0015,2023-09-17,0,2024-09-10,38769.29
CIC_00464,CONT_471083,CORP,5,0.009518,0.5398,150304.79,0,1,772.24,1,5.9,9.7,NINGUNA,0.45,0.0281,,0,2024-11-12,60850.89
CIC_00465,CONT_413823,CORP,1,0.001,0.5549,362604.63,0,1,201.21,13,6.7,5.9,NINGUNA,0.45,0.0274,,0,2024-01-04,150906.98
CIC_00466,CONT_133141,MORTGAGE,7,0.015245,0.5677,270531.56,9,1,2341.34,9,6.5,6.1,HIPOTECA,0.3,0.0261,2024-04-02,0,2024-04-11,115185.57
CIC_00467,CONT_215063,RETAIL,4,0.006964,0.2845,480050.93,0,1,951.1,19,6.7,8.6,PERSONAL,0.0,0.0234,,0,2024-07-23,102430.87
CIC_00468,CONT_636073,CORP,1,0.001,0.4878,175339.67,0,1,85.53,8,8.2,7.4,NINGUNA,0.45,0.0144,,0,2024-05-24,64148.02
CIC_00469,CONT_238722,RETAIL,4,0.006964,0.0843,61934.9,9,1,36.36,31,6.4,7.6,PERSONAL,0.0,0.0183,2024-03-28,0,2024-04-06,3915.83
CIC_00470,CONT_154164,SME,1,0.001,0.0822,100127.81,5,1,8.23,25,4.9,5.7,FINANCIERO,0.0,0.019,2024-04-23,0,2024-04-28,6172.88
CIC_00471,CONT_450520,MORTGAGE,2,0.002639,0.3808,143875.19,0,1,144.58,3,8.5,6.3,HIPOTECA,0.3,0.0096,,0,2024-05-26,41090.75
CIC_00472,CONT_226200,MORTGAGE,2,0.002639,0.3291,11762.48,0,1,10.22,25,7.8,7.1,HIPOTECA,0.3,0.0071,,0,2024-05-21,2903.27
CIC_00473,CONT_846169,CORP,10,0.025119,0.7405,442600.48,27,1,8232.64,28,8.7,5.8,NINGUNA,0.45,0.0218,2024-03-17,0,2024-04-13,245809.24
CIC_00474,CONT_954100,MORTGAGE,9,0.021674,0.5925,447981.95,151,3,5752.91,8,4.8,7.4,HIPOTECA,0.3,0.018,2024-07-24,0,2024-12-22,199071.98
CIC_00475,CONT_855582,SME,8,0.018379,0.2054,435776.58,40,2,1645.08,28,6.2,6.6,FINANCIERO,0.0,0.0055,2024-02-11,0,2024-03-22,67131.38
CIC_00476,CONT_660563,MORTGAGE,5,0.009518,0.5557,151700.02,0,1,802.36,29,4.7,6.6,HIPOTECA,0.3,0.0265,,0,2024-03-09,63224.78
CIC_00477,CONT_116398,CORP,1,0.001,0.6446,318178.03,133,3,205.1,6,8.5,6.7,NINGUNA,0.45,0.0088,2023-09-19,0,2024-01-30,153823.17
CIC_00478,CONT_620052,CORP,7,0.015245,0.7337,132385.86,70,2,1480.77,29,5.5,6.7,NINGUNA,0.45,0.0226,2024-01-10,0,2024-03-20,72848.63
CIC_00479,CONT_522056,RETAIL,8,0.018379,0.0555,431864.32,342,3,440.52,2,5.3,6.8,PERSONAL,0.0,0.0245,2024-01-10,0,2024-12-17,17976.35
CIC_00480,CONT_668716,CORP,9,0.021674,0.4912,376469.88,0,1,4008.0,13,4.3,9.2,NINGUNA,0.45,0.0025,,0,2024-03-14,138691.5
CIC_00481,CONT_101269,MORTGAGE,2,0.002639,0.3607,242810.59,87,2,231.13,5,5.9,7.7,HIPOTECA,0.3,0.008,2024-07-10,0,2024-10-05,65686.33
CIC_00482,CONT_478004,RETAIL,1,0.001,0.068,195764.61,0,1,13.31,24,8.5,7.2,PERSONAL,0.0,0.0033,,0,2024-02-22,9984.0
CIC_00483,CONT_845859,CORP,1,0.001,0.6314,93143.55,17,1,58.81,28,5.2,8.5,NINGUNA,0.45,0.0105,2024-02-06,0,2024-02-23,44108.13
CIC_00484,CONT_469737,CORP,1,0.001,0.7085,489134.46,0,1,346.55,7,6.3,8.7,NINGUNA,0.45,0.0173,,0,2024-05-22,259913.82
CIC_00485,CONT_705947,MORTGAGE,8,0.018379,0.4271,348243.31,0,1,2733.6,22,8.7,9.6,HIPOTECA,0.3,0.0162,,0,2024-09-09,111551.04
CIC_00486,CONT_541531,RETAIL,2,0.002639,0.0706,6418.72,28,1,1.2,20,8.8,9.6,PERSONAL,0.0,0.0255,2024-02-13,0,2024-03-12,339.87
CIC_00487,CONT_248140,RETAIL,4,0.006964,0.2483,32653.5,0,1,56.46,10,4.6,9.8,PERSONAL,0.0,0.0199,,0,2024-02-07,6080.9
CIC_00488,CONT_282012,CORP,4,0.006964,0.4731,286745.66,56,2,944.73,31,3.9,3.4,NINGUNA,0.45,0.0141,2024-04-26,0,2024-06-21,101744.53
CIC_00489,CONT_292616,RETAIL,1,0.001,0.1189,214692.28,223,3,25.53,14,6.8,8.7,PERSONAL,0.0,0.0028,2023-12-02,0,2024-07-12,19145.18
CIC_00490,CONT_211636,CORP,8,0.018379,0.5932,328086.48,0,1,3576.94,5,8.1,8.4,NINGUNA,0.45,0.0023,,0,2024-11-04,145965.67
CIC_00491,CONT_517476,CORP,4,9.8e-05,0.6291,379478.11,10,1,23.4,8,4.6,4.4,NINGUNA,0.45,0.0296,2024-08-25,0,2024-09-04,179047.26
CIC_00492,CONT_182578,RETAIL,6,0.012286,0.2256,364215.62,0,1,1009.5,34,8.5,3.6,PERSONAL,0.0,0.0007,,0,2024-07-14,61625.28
CIC_00493,CONT_847385,CORP,4,0.006964,0.7153,404700.64,173,3,2015.96,29,6.8,10.0,NINGUNA,0.45,0.0231,2024-02-26,0,2024-08-17,217111.78
CIC_00494,CONT_171472,SME,4,0.006964,0.0626,307141.68,0,1,133.9,26,4.6,8.9,FINANCIERO,0.0,0.0239,,0,2024-02-14,14420.3
CIC_00495,CONT_813644,MORTGAGE,10,0.025119,0.409,49168.47,0,1,505.14,29,6.6,6.7,HIPOTECA,0.3,0.0282,,0,2024-10-18,15082.43
CIC_00496,CONT_494077,RETAIL,8,0.018379,0.11,423193.64,11,1,855.57,28,6.8,6.7,PERSONAL,0.0,0.0017,2024-04-24,0,2024-05-05,34913.48
CIC_00497,CONT_444688,RETAIL,10,0.025119,0.1198,41124.45,13,1,123.75,35,6.1,7.6,PERSONAL,0.0,0.0026,2024-02-12,0,2024-02-25,3695.03
CIC_00498,CONT_927912,CORP,6,0.012286,0.5527,304162.86,0,1,2065.41,13,6.5,8.0,NINGUNA,0.45,0.0096,,0,2024-01-17,126083.11
CIC_00499,CONT_293020,SME,8,0.018379,0.064,109688.98,0,1,129.02,17,7.4,5.9,FINANCIERO,0.0,0.009,,0,2024-12-30,5265.07
