field,sample_pos,row_id,label,normalized_entropy
SEGMENTO,11,16190,CORP,0.9928
SEGMENTO,121,11742,SME,0.8113
SEGMENTO,269,16199,CORP,0.8813
SEGMENTO,270,11731,SME,0.8113
SEGMENTO,350,4654,RETAIL,0.9928
SEGMENTO,424,13594,SME,0.9928
SEGMENTO,536,11733,SME,0.8113
SEGMENTO,563,11739,SME,0.8113
SEGMENTO,593,4647,RETAIL,0.9928
SEGMENTO,602,4646,RETAIL,0.9928
SEGMENTO,656,4638,RETAIL,0.9928
SEGMENTO,718,16193,CORP,0.8813
SEGMENTO,935,13844,RETAIL,0.9341
SEGMENTO,1157,10364,CORP,0.8113
SEGMENTO,1430,4630,RETAIL,0.9928
SEGMENTO,1518,4640,RETAIL,0.9928
SEGMENTO,1589,1347,RETAIL,0.8813
SEGMENTO,1646,13847,RETAIL,0.971
SEGMENTO,1906,4643,RETAIL,0.9928
SEGMENTO,1916,4642,RETAIL,0.9928
SEGMENTO,1927,4635,RETAIL,0.9928
SEGMENTO,1932,13605,SME,0.9928
SEGMENTO,2180,13835,RETAIL,0.8813
SEGMENTO,2253,4407,SME,1.0
SEGMENTO,2324,11701,SME,0.8113
SEGMENTO,2397,15424,RETAIL,1.0
SEGMENTO,2743,16015,RETAIL,0.8813
SEGMENTO,2826,15439,RETAIL,1.0
SEGMENTO,3014,16173,CORP,0.971
SEGMENTO,3020,16195,CORP,0.971
SEGMENTO,3187,13841,RETAIL,0.8813
SEGMENTO,3307,13590,SME,0.9928
SEGMENTO,3328,11732,SME,0.8813
SEGMENTO,3651,15440,RETAIL,1.0
SEGMENTO,3742,11724,SME,0.8813
SEGMENTO,4036,4658,RETAIL,0.9928
SEGMENTO,4232,10353,CORP,0.8113
SEGMENTO,4568,16208,CORP,0.8813
SEGMENTO,4582,2674,RETAIL,0.8813
SEGMENTO,4623,16197,CORP,0.8813
SEGMENTO,4649,11737,SME,0.8813
SEGMENTO,4757,2095,RETAIL,0.8813
SEGMENTO,4816,15445,RETAIL,1.0
CALIBRATION_SEGMENT,2,14231,RETAIL_REVOLVING,1.0
CALIBRATION_SEGMENT,10,15353,MORTGAGE_LTV_HIGH,0.9835
CALIBRATION_SEGMENT,13,18072,RETAIL_REVOLVING,0.8113
CALIBRATION_SEGMENT,27,14546,CORP_LARGE,0.8433
CALIBRATION_SEGMENT,42,6500,CORP_MID,0.971
CALIBRATION_SEGMENT,75,5773,CORP_SMALL,0.8813
CALIBRATION_SEGMENT,88,20344,SME_MICRO,0.8113
CALIBRATION_SEGMENT,93,4984,RETAIL_REVOLVING,0.8813
CALIBRATION_SEGMENT,107,1016,RETAIL_OTHER,0.9341
CALIBRATION_SEGMENT,117,8714,MORTGAGE_LTV_LOW,0.8113
CALIBRATION_SEGMENT,121,11742,SME_MEDIUM,0.8113
CALIBRATION_SEGMENT,127,1036,CORP_MID,0.9341
CALIBRATION_SEGMENT,137,15609,RETAIL_REVOLVING,0.8113
CALIBRATION_SEGMENT,138,18055,RETAIL_REVOLVING,0.8113
CALIBRATION_SEGMENT,139,1035,CORP_MID,0.9341
CALIBRATION_SEGMENT,159,13371,CORP_MID,0.9341
CALIBRATION_SEGMENT,166,4150,CORP_SMALL,0.9197
CALIBRATION_SEGMENT,183,15313,CORP_LARGE,0.971
CALIBRATION_SEGMENT,196,18066,RETAIL_REVOLVING,0.8813
CALIBRATION_SEGMENT,212,20942,SME_SMALL,0.8113
CALIBRATION_SEGMENT,222,13156,SME_MICRO,0.8113
CALIBRATION_SEGMENT,227,3119,RETAIL_OTHER,0.9341
CALIBRATION_SEGMENT,230,832,CORP_SMALL,0.8113
CALIBRATION_SEGMENT,234,2651,CORP_MID,0.8813
CALIBRATION_SEGMENT,238,20307,SME_MICRO,0.8113
CALIBRATION_SEGMENT,248,2641,CORP_MID,0.8813
CALIBRATION_SEGMENT,251,22304,CORP_LARGE,0.8813
CALIBRATION_SEGMENT,253,13491,SME_MEDIUM,0.8813
CALIBRATION_SEGMENT,256,5760,CORP_SMALL,0.8813
CALIBRATION_SEGMENT,269,16199,CORP_LARGE,0.8813
CALIBRATION_SEGMENT,270,11731,SME_MEDIUM,0.8113
CALIBRATION_SEGMENT,272,15632,RETAIL_REVOLVING,0.8813
CALIBRATION_SEGMENT,288,14043,SME_SMALL,0.8113
CALIBRATION_SEGMENT,294,4145,CORP_SMALL,0.9197
CALIBRATION_SEGMENT,298,995,RETAIL_OTHER,0.8813
CALIBRATION_SEGMENT,306,15242,SME_MICRO,0.8113
CALIBRATION_SEGMENT,331,13024,SME_SMALL,0.9928
CALIBRATION_SEGMENT,334,14633,SME_MICRO,1.0
CALIBRATION_SEGMENT,335,5533,CORP_MID,0.9928
CALIBRATION_SEGMENT,337,2747,SME_MICRO,0.9928
CALIBRATION_SEGMENT,350,4654,RETAIL_OTHER,0.9928
CALIBRATION_SEGMENT,363,14617,SME_MICRO,1.0
CALIBRATION_SEGMENT,369,2623,CORP_MID,0.8813
CALIBRATION_SEGMENT,380,15937,MORTGAGE_LTV_LOW,0.8113
CALIBRATION_SEGMENT,388,5764,CORP_SMALL,0.8813
CALIBRATION_SEGMENT,390,7744,SME_MICRO,0.971
CALIBRATION_SEGMENT,409,12337,CORP_MID,0.9341
CALIBRATION_SEGMENT,423,20339,SME_MICRO,0.8113
CALIBRATION_SEGMENT,424,13594,SME_MEDIUM,0.9197
CALIBRATION_SEGMENT,441,13364,CORP_MID,0.9341
CALIBRATION_SEGMENT,442,15320,CORP_LARGE,0.971
CALIBRATION_SEGMENT,449,800,CORP_SMALL,0.8113
CALIBRATION_SEGMENT,457,16513,SME_SMALL,1.0
CALIBRATION_SEGMENT,468,2257,RETAIL_REVOLVING,0.9341
CALIBRATION_SEGMENT,482,1048,CORP_MID,0.9341
CALIBRATION_SEGMENT,495,301,SME_MEDIUM,0.8113
CALIBRATION_SEGMENT,496,20330,SME_MICRO,0.8113
