contract_id,n_snapshots,mean_consecutive_diff,max_consecutive_diff,std_consecutive_diff
100001,42,0.3342428986480015,1.4148669792209736,0.3700376891083559
100002,55,0.28640509675296977,1.392731777907112,0.33533391816894825
100003,54,0.3152623105241152,1.4024655716828593,0.34030360626829326
100004,29,0.3299420155588049,1.4298362335894492,0.32398333341924207
100005,12,0.40801987830718445,1.2719964199806215,0.42228845732603815
100006,52,0.37039836816425437,1.499271984273747,0.3804787212965101
100007,13,0.462376255075019,1.2732625722883537,0.46206668183263344
100008,32,0.27164436028602235,1.474738164816081,0.3311857075948354
100009,32,0.28319490031700956,1.4358151146633533,0.3792643500495403
100010,77,0.3353761439338923,1.5169257257908275,0.37339321368574535
100011,31,0.29894714869487427,1.3507370775548857,0.3577925332829604
100012,57,0.2999122059495077,1.4451681461576278,0.3398910153947647
100013,35,0.4437991716523155,1.6189505305982659,0.46500901482601964
100014,59,0.31737652935301286,1.475678732517119,0.32092833608154026
100015,8,0.526031745960734,1.354654365941797,0.4913615380384824
100016,6,0.7247139747871219,1.2552297997655744,0.4351251666021603
100017,54,0.3350966053742384,1.415585454594498,0.39678060394894843
100018,77,0.34194452631418437,1.4941499707007302,0.2980759544538827
100019,42,0.32437294101504055,1.3680935233616045,0.35444520496672344
100020,71,0.3301625278221471,1.5530615412097835,0.3248469687245422
100021,79,0.3222749075880241,1.9508863502821236,0.4145793620473101
100022,29,0.42656114621273467,1.4995428792266465,0.45501938968455136
100023,44,0.3857803527866754,1.4920364551952188,0.4407072986854939
100024,32,0.2852199330112449,1.424101783995889,0.3201471986150967
100025,55,0.3337117242982185,1.5275615595023755,0.33726953751877786
100026,45,0.3210911237411169,1.393461296683151,0.3569791293604375
100027,66,0.2705901802030271,1.437046491139958,0.24603849200095876
100028,7,0.7681860744006501,1.4667635289410532,0.5165327172253029
100029,8,0.54167502289411,1.397633442163255,0.5322416041699183
100030,79,0.302352816980365,1.5732959551915697,0.3130885708773304
100031,64,0.3471698531410034,1.8646386092816403,0.41439198801925736
100032,38,0.2933535633635649,1.3545954269484728,0.28719462069259183
100033,49,0.3210631843666914,1.3984930017413588,0.3484629680324131
100034,72,0.3191764753580336,1.485306226044248,0.3110801572280805
100035,43,0.3695370121362351,1.4250425712381747,0.33994631163787536
100036,57,0.30086498930051303,1.4074837538415228,0.32011305189745826
100037,70,0.3094891229065161,1.4938047135548178,0.3141178313381606
100038,6,0.697302441249275,1.2743074786929574,0.4746077528513601
100039,45,0.2961159544283585,1.418981986174673,0.28234258696322495
100040,8,0.5440208296544443,1.3566373527580868,0.49269359250716743
100041,53,0.31907592136172774,1.409180815599128,0.3385655922196634
100042,80,0.29026743523395176,1.5374984139980261,0.32628697839673276
100043,51,0.2947414412608984,1.4023361444533478,0.33503690877020775
100044,72,0.35125924172428274,1.5033058770005885,0.33932077863895677
100045,60,0.3731386060979116,1.4948305343875832,0.3982290297509482
100046,44,0.4067477110370552,1.8073925069965293,0.454126362814606
100047,31,0.2909420386808105,1.4265561867914218,0.3228685129354621
100048,60,0.33110402888418733,1.7948431018805278,0.40703650024500965
100049,54,0.3170932364815925,1.4041012567468538,0.33457945863798383
100050,39,0.3275802511059698,1.3915222047675235,0.29414331235294455
100051,44,0.4056774670586955,1.5875650207346423,0.4730965685503162
100052,30,0.30302282423361004,1.4342539881438559,0.3433947130733411
100053,62,0.31322284588493216,1.423855303434759,0.3299326140454817
100054,31,0.3047748395771258,1.4344302152722637,0.37462177321944773
100055,43,0.3407404174012536,1.4318498023483506,0.365420395072188
100056,30,0.29413640030470917,1.4580245568613968,0.3386118206509887
100057,7,0.613193282108063,1.3422701297783632,0.49252778330995545
100058,29,0.29351599961470753,1.4231986266983874,0.40164216356829163
100059,52,0.3579983261051647,1.4157948212691702,0.38842725374402437
100060,67,0.36853104023447514,1.8184904152390091,0.3925296190903245
100061,43,0.2629213846559823,1.3934508097220306,0.28419042219911717
100062,7,0.8413594207145975,1.6053000725896212,0.4863435373624713
100063,43,0.31279224973307235,1.3845885034558816,0.3750773998896611
100064,6,0.5547753497116776,1.2915858945002356,0.3817357377798907
100065,66,0.2892767571396312,1.430090074885758,0.32467982660775346
100066,52,0.37351459254656694,1.839832119386159,0.4521322467653472
100067,60,0.35133132901477493,1.4629322874330113,0.33385003552050097
100068,51,0.33543143224816213,1.4449169080743984,0.3324572538470841
100069,45,0.2692321812928458,1.3991708289937075,0.2752663319259685
100070,9,0.7717833334450673,1.440390118391656,0.3851811931405067
100071,45,0.3580258850456988,1.4083518484561137,0.3556815492452274
100072,43,0.27861235214053287,1.3979769595552987,0.28332755092961853
100073,42,0.33702843596358234,1.4732831668061812,0.3614727848965236
100074,7,0.6443549924143922,1.2587470120311484,0.432666700535369
100075,5,0.8467723776120699,1.292803928944338,0.45216428014021937
100076,44,0.38454147548538836,1.983626523287409,0.5029030883986148
100077,66,0.30160037002316065,1.4415063766662572,0.26829616247856036
100078,57,0.3222259811363967,1.4224584925256283,0.3360431491810024
100079,70,0.3424976636853216,1.518077700097445,0.32193979667119466
100080,15,0.3185688818427046,1.3580290775860306,0.3891756164450964
100081,37,0.40754057264624405,1.4337355711614541,0.3715994756237151
100082,32,0.29979493851476763,1.389231198087257,0.3020866692292791
100083,56,0.3202046123342287,1.4327051511683748,0.34286703820786013
100084,68,0.3658535905926087,1.5586960025231245,0.3941129441036398
100085,42,0.3096346913585287,1.4192444078625368,0.38071733359519305
100086,62,0.3113267138650725,1.4795554366400918,0.32452000868673664
100087,7,0.8825341072294602,1.7321917708087722,0.5368563660810792
100088,40,0.46422137752091513,1.89556224930703,0.49399563567576904
100089,69,0.3948042212022637,1.4765223983178744,0.37973164826700834
100090,21,0.36060531131403006,1.4250734702635819,0.37046880406458127
100091,76,0.3127253075110254,1.5433312156255727,0.3180714996163496
100092,61,0.3444828998755752,1.4032879618115752,0.37297812288341287
100093,48,0.31619302206636757,1.419371884827744,0.3543237490771904
100094,71,0.3321631424150129,1.5265558435175617,0.36278359743059096
100095,34,0.49043753218174035,1.705185829056725,0.46065100023980005
100096,83,0.30812464942562096,1.5711333918579018,0.3154072226777613
100097,35,0.3646051323529043,1.4581751802389484,0.401217704112698
100098,51,0.3466795216987672,1.531960299908529,0.3582998563284303
100099,12,0.29823142040527845,1.4606717692594844,0.38857714742386046
100100,54,0.3522656172941262,1.453275529203668,0.37748288056695634
100101,44,0.34991710798877856,1.4471943133840697,0.35672691712062854
100102,67,0.2561372740109205,1.4288477645813562,0.24733839182801048
100103,45,0.33524109706931093,1.4031567626982215,0.3589204085889765
100104,9,0.5215982663137715,1.3514105543466777,0.4512360878975785
100105,53,0.30966900063228464,1.4027651890588615,0.33794463847248857
100106,36,0.315830548931315,1.389742318260555,0.3019792601117521
100107,57,0.31625301782601856,1.4284271052077961,0.3293868662331076
100108,53,0.3775583951915134,1.4150374699025159,0.39848803156139256
100109,52,0.37350561546575173,1.3997959075250004,0.357041985223962
100110,51,0.4593036238122196,1.6995612267217615,0.4364648824199213
100111,84,0.3403116584522864,1.5963607475250223,0.3520597308863892
100112,37,0.3355437633574854,1.524874760033448,0.3151360021159617
100113,50,0.3173781280959728,1.401363932682223,0.33992307487935153
100114,59,0.3402149983977272,1.4617638262708874,0.3377484312613961
100115,15,0.3816170093704799,1.2550439375890325,0.33679690388645706
100116,80,0.2987550101512322,1.5168709335078692,0.31175995496725506
100117,10,0.4872163749906725,1.373188806146484,0.46429553517796573
100118,10,0.6097488862110718,1.3775294650121634,0.4249701359651122
100119,57,0.33331436077118454,1.530947268504326,0.34123447286400793
100120,33,0.3061033860270489,1.6685720296491828,0.3930563626622479
100121,73,0.3269507296717437,1.5053546871853354,0.3490029784870575
100122,26,0.2937263144953252,1.4378239536165895,0.35965747838556067
100123,19,0.41903152764526497,1.9180355908284046,0.5851635122689969
100124,84,0.3495029733047312,1.9162616070047673,0.4039279396086287
100125,58,0.36644280433041243,1.5509204143386743,0.3428475649950168
100126,46,0.33935141253241935,1.4015072387123084,0.35090627508760847
100127,11,0.49858895220507404,1.329174442302901,0.41155639907442876
100128,24,0.3487147900778294,1.4224489104203417,0.35896911647660545
100129,55,0.345363793982469,1.4589665120834003,0.3373387921734765
100130,51,0.3752823375768143,1.3784046964883865,0.4000758064136931
100131,70,0.3385318940120831,1.4356978848479909,0.314787874644754
100132,41,0.3931666599947442,1.8523222939361705,0.4384915565372477
100133,8,0.7724596047293305,1.497565390430085,0.47713436551659033
100134,53,0.31828850817897847,1.5434773803144717,0.34686143845860845
100135,8,0.5731092824628236,1.3054161797893047,0.4609441542540998
100136,70,0.37507637532582794,1.5922736362056766,0.3335591947774835
100137,43,0.3406941408976671,1.3989578751981937,0.36062125256671085
100138,35,0.2900493156722176,1.4453105661884915,0.32644171197825234
100139,67,0.25668551438272963,1.4103439335830323,0.23667736298849107
100140,41,0.368775921755479,1.3906632631342066,0.3558394182577099
100141,11,0.4976722788914662,1.25390867817868,0.38500157055958945
100142,7,0.7916218060727646,1.5064801609126612,0.4603652156725334
100143,54,0.31214447968559106,1.4104094991016176,0.3316170556599896
100144,76,0.3598932808526248,1.503018357254522,0.3656521119943649
100145,21,0.35127327824387733,1.4536213317814388,0.38018250289302147
100146,43,0.3454937002203438,1.4176329489442407,0.36922183422968863
100147,9,0.5396314624357555,1.3855895585097877,0.45190680211171186
100148,36,0.44965596037941086,1.4017985165296207,0.44481031629177986
100149,61,0.3446834294735847,1.7769350106370954,0.38743486113653564
100150,29,0.43096423035056963,1.5297730444543491,0.40360136818011666
100151,58,0.3288188424754084,1.419698750226745,0.3238810936498596
100152,41,0.3280901253178059,1.4506556673871491,0.3675107597944599
100153,55,0.34718792860258807,1.4723652648534573,0.32874841283731243
100154,60,0.3233234581872569,1.4567645954757678,0.3272687231933215
100155,21,0.38947164742707147,1.8321589452903735,0.5148990872739547
100156,54,0.36741532571280844,1.4378683972832664,0.3320981551950555
100157,30,0.3705499995725524,1.4658604716472612,0.35189708304413003
100158,47,0.3333765573681015,1.3913435584566756,0.2737483087989026
100159,55,0.31242096034241085,1.414514465341108,0.3379909165033006
100160,30,0.40283438913002634,1.9493045580736637,0.5243574063424151
100161,70,0.4510853397400199,2.1112871363260526,0.4641434118835765
100162,8,0.5168672102426309,1.2942338159522941,0.4973394821231095
100163,58,0.3161587140206585,1.44852348366935,0.3334221269272076
100164,8,0.5307867455617256,1.3472916265353894,0.5253566139003044
100165,68,0.36699983033652683,1.4877877144745222,0.3209691959646392
100166,25,0.3979272286616653,1.9414141862164893,0.4702946748141166
100167,6,0.9139169401465029,1.4597303754448656,0.4960522813895719
100168,69,0.43745152366852824,1.8322711630966182,0.4541015593089505
100169,39,0.3683297029396111,1.3768727392283644,0.36447902898679063
100170,18,0.4055899225038374,1.3979182306043147,0.39206498366375697
100171,22,0.5849501133766355,1.777729794982735,0.5464148313353878
100172,47,0.5214113671126502,1.9995558090317456,0.5384741749063785
100173,36,0.3514029010948265,1.382641480408419,0.307699058058364
100174,29,0.33026480589253143,1.4594103584359777,0.3914623961602418
100175,37,0.3413645267615679,1.3832471448464436,0.3793289044657499
100176,36,0.3849841795785277,1.4060562674695773,0.3907764375760327
100177,73,0.36840211375213494,1.513438619509568,0.3630054907219532
100178,6,0.8869592196991078,1.6550010521826823,0.5574525938052678
100179,66,0.2578096025935494,1.4607421298806296,0.2514429329755238
100180,56,0.3786376299110168,1.7773990088056466,0.41222296140190146
100181,37,0.32903530243254964,1.4152550825176993,0.3133806528473722
100182,80,0.35272414606361757,1.5123153808125709,0.35659400384929174
100183,62,0.3239036776194155,1.442625875869246,0.3131769510760093
100184,82,0.33651616047157396,1.595040074629407,0.32294755959488214
100185,46,0.3421439003812979,1.335782721046865,0.33270497790242215
100186,19,0.4678377492906918,1.4226968227029844,0.4746924297480097
100187,77,0.29890610536804124,1.5769193075769816,0.3283207955139153
100188,21,0.3221242565445654,1.3757287547174086,0.36632342186099404
100189,6,0.7518914413809556,1.284704241259142,0.42685061573725064
100190,53,0.3741198528657833,1.9521528213095063,0.41865673457079855
100191,51,0.3935044944569254,1.6326386873258139,0.3959933035371259
100192,47,0.27567346415676414,1.3916308267042061,0.2814506236813636
100193,39,0.2797615832496638,1.3781125503181775,0.28677796440511
100194,78,0.36824520524874266,1.5462492671883306,0.33374779720354303
100195,61,0.3075857363283908,1.4321684923437965,0.32162990373565736
100196,54,0.3561251833155044,1.5181240760429953,0.3519812251111516
100197,69,0.30770592912350286,1.4887077396243493,0.31643309085664717
100198,9,0.5875172796965464,1.414545386660873,0.45965201147014006
100199,52,0.3363680446737938,1.5153113381352592,0.3451129871949958
100200,77,0.34005627856175474,1.552800080231855,0.3292256939692511
100201,59,0.33464446276400384,1.4839297268061429,0.37364439821301604
100202,11,0.4699178335616529,1.2774026736196522,0.40067710145586294
100203,68,0.3019151838083308,1.5106759292291656,0.3173210455448137
100204,22,0.38004729455363995,1.4437460898717316,0.3791080952216159
100205,29,0.36992263755101823,1.3859719091716465,0.36254584968368503
100206,59,0.29992572652305444,1.5049618518941057,0.3356843513639209
100207,11,0.5062250510471236,1.3185058653253567,0.40932476617277114
100208,16,0.3675911900663664,1.2500827674514687,0.35384343772129984
100209,80,0.32051271120995467,1.5364276204365659,0.31512051061414
100210,37,0.30509735938109733,1.3727790442889896,0.30366947846138154
100211,26,0.32745831592197044,1.4744510094865966,0.36766821411172146
100212,81,0.3069728251119788,1.5318630212575801,0.3167062275055125
100213,83,0.32322645397967215,1.548714158708771,0.3176534667219925
100214,12,0.3964410027813658,1.262618821139542,0.31087505734170356
100215,44,0.40588518354467634,1.4291343093014306,0.41841644466880623
100216,84,0.30033561239981343,1.6133917202250978,0.31728516001950896
100217,57,0.3469858194094809,1.8529031491636725,0.4324011657226411
100218,44,0.4147333894918273,1.9361909516901905,0.4405624255940406
100219,66,0.2892928264828708,1.4223325024186129,0.31791886586805984
100220,33,0.3001243416613215,1.535697964522561,0.33911965403784095
100221,31,0.3111004134428608,1.5138370452643142,0.3496809814182404
100222,69,0.3074327319689415,1.4912697173534342,0.31910219642215243
100223,8,0.5325473440161957,1.4080941153387003,0.5272609269561268
100224,32,0.3370185209105216,1.808995520207145,0.4268607206679116
100225,69,0.344627658323269,1.53451324727289,0.3591341298177291
100226,67,0.2753383029414236,1.4204081857053321,0.2576134599152553
100227,26,0.3547240464007907,1.3375305655879057,0.3752690484706229
100228,68,0.3591605411211945,1.6842088154054176,0.3311409698050042
100229,10,0.5589827248466102,1.3073115217135167,0.4042758620300832
100230,72,0.3242052155569921,2.099332977981475,0.4289116435530132
100231,40,0.35581422393000084,1.414212417699407,0.3802275076656117
100232,28,0.3516473065291398,1.4221168503593056,0.38866757186187084
100233,81,0.31631910110510947,1.6413686508861816,0.329164966550614
100234,36,0.494619667028751,1.5523822831635234,0.4013655473024246
100235,50,0.3138773487207161,1.4158024497617945,0.340911440831256
100236,6,0.7898578469017087,1.451789078658998,0.5326894967667773
100237,68,0.3257704426412025,1.5224883493454409,0.3274696073003654
100238,9,0.5313335371437953,1.351329367404111,0.46805424284184366
100239,56,0.3148290633223128,1.4316542803023833,0.33107481362032576
100240,15,0.37380191663406465,1.2537855024210847,0.30688870383474337
100241,61,0.2912049563046082,1.4094956337440667,0.3256453853863942
100242,84,0.35089458178861493,2.0514094380359236,0.3875024359951855
100243,63,0.29958146684011505,1.4193656775099028,0.3236561325845972
100244,67,0.4016494044614389,1.999908141015392,0.4165673297964319
100245,60,0.39012355408629396,1.970204353599675,0.40668325167447306
100246,68,0.31647571111747363,1.5108161082819673,0.3163639359303716
100247,77,0.3207955064849731,1.5132735756280076,0.35439422317800273
100248,7,0.6502967960377921,1.3175505751921726,0.47438592716956657
100249,57,0.37542850457645355,1.4520599811450532,0.39746185331648715
100250,65,0.3144230095086899,1.3753586135435172,0.34471910993774213
100251,9,0.6062847585315281,1.3616461326093896,0.4300090317891408
100252,54,0.31996288716401106,1.3808364842070606,0.3766452606478028
100253,10,0.44815658795792035,1.2679503373306726,0.4488223476443162
100254,69,0.3605492360286582,1.575855991281015,0.32751668432712083
100255,44,0.34084700600071866,1.4245042374633323,0.3643604113215987
100256,59,0.35595008645904297,1.4313508416604663,0.3150951347878871
100257,10,0.4709408790479039,1.2706089606905506,0.4436959758972256
100258,60,0.3206854325044237,1.4335243718556634,0.3307472270439698
100259,38,0.4575643175439256,1.9755554493346803,0.5183308484333483
100260,72,0.3354473035721283,1.890244590578291,0.4094066662419996
100261,40,0.41346165308065924,1.3868876849337868,0.3566632724220117
100262,72,0.38204416833378385,1.6309458242345873,0.3475051511167859
100263,49,0.3243965363296661,1.4359064442940277,0.36406140754022975
100264,61,0.32765719262553755,1.465352750924876,0.32133314174249206
100265,20,0.3332482710471587,1.326173905922415,0.3496844391318813
100266,18,0.36106695556491003,1.3961601361912173,0.3959182585969607
100267,36,0.3083246247530372,1.4116215902846954,0.3108310671359485
100268,75,0.3232909495296083,1.484786979405047,0.3505712414005202
100269,8,0.5298822927124637,1.376412864207086,0.5056902880145704
100270,38,0.3308863788688606,1.3855336977271546,0.377078256005738
100271,57,0.3937269290535014,1.787438325904446,0.40494905456513497
100272,57,0.32922126209817676,1.987991973576201,0.4448192507474688
100273,69,0.35376136596141405,1.614763776444715,0.3284902250957772
100274,6,0.7492075079780663,1.3113376103514973,0.46003065345893324
100275,57,0.37350608669552904,2.000658871250897,0.436286766954675
100276,75,0.3394917855419194,1.5302142747257195,0.37459892616828977
100277,57,0.4061777995653563,2.200306799013181,0.4265458687916332
100278,53,0.30710612629936157,1.3916785020579963,0.33049392180671583
100279,69,0.3211954433473277,1.487309277594916,0.3194261973198709
100280,32,0.3391609221305334,1.4182191025590278,0.37209699910244126
100281,55,0.3771186091181796,1.4226553111219644,0.3235210914536558
100282,30,0.3207724642412815,1.4778421707444684,0.33868264262082537
100283,66,0.34143088940306837,1.6619146292354054,0.2795602824797011
100284,13,0.35551283545330353,1.2525856591193287,0.2921591318692985
100285,47,0.3936578660411286,1.744075684801421,0.36486115561276883
100286,64,0.30332199585925235,1.4460228170450762,0.320351454000677
100287,20,0.3214703501474697,1.4302911361683976,0.3965593895453339
100288,59,0.29105936158147283,1.4332297169380979,0.33567546522033204
100289,47,0.2732756346716227,1.4323249763186885,0.27776603247034504
100290,66,0.33259721067975145,1.4134616023154811,0.31143706937560184
100291,51,0.31522370063538757,1.476907491601755,0.348134721327506
100292,9,0.4824642685887506,1.254443320675512,0.4530015724271192
100293,77,0.3614974190669262,1.508198727310317,0.3639123115945576
100294,9,0.4842540863281545,1.3756430555954655,0.48735148584334687
100295,32,0.4988438006893217,1.5689958271576467,0.48207830379555744
100296,73,0.28828171635342836,1.4781429127269314,0.3058656774320613
100297,48,0.3159947104004607,1.4872600679402532,0.4217756997935089
100298,30,0.3331235343331941,1.5195933533618922,0.39360640426126714
100299,59,0.39122822562324794,1.7964806289325639,0.4362929578127151
100300,59,0.3244367128660819,1.4317052665590528,0.3283507637998472
100301,12,0.2931399102549103,1.2759212467060583,0.33083067816191813
100302,53,0.3270450292938848,1.4719445373332096,0.34450004182407196
100303,29,0.37205016376626476,1.8307651969966885,0.4814557150616906
100304,43,0.29166582714130684,1.4369475319076221,0.29072656195445196
100305,32,0.3743519860968321,1.4358624393448804,0.3686393607716243
100306,37,0.4126935378734396,1.6275648129110911,0.4515548883379877
100307,48,0.38092155580428366,1.8040918572968336,0.43469589510002526
100308,15,0.2996346962392403,1.2499072040623167,0.28937928169840343
100309,62,0.3480092470393627,1.4325328003828095,0.32152981205016024
100310,55,0.32291613017938414,1.4777776632260708,0.36630881738000887
100311,13,0.3062179903724989,1.251037782567333,0.327869003406576
100312,41,0.31024700492055296,1.358812813092193,0.35885231700461345
100313,46,0.3439356634665913,1.4080221599093594,0.33930488545037296
100314,78,0.3809718154120859,1.5796583130867583,0.3764741227086592
100315,48,0.27037230890321734,1.3794544426789834,0.3529959409395162
100316,56,0.32841811529935344,1.5225622843423223,0.34225243024285285
100317,53,0.33089954111683817,1.3929409654140825,0.37069614447677307
100318,34,0.31081200674362786,1.42469164469817,0.3155088501185295
100319,35,0.3687281921976956,1.398711090614426,0.2906104335337702
100320,8,0.5016426453550269,1.3650385978289856,0.5137353403472731
100321,41,0.43212923774673967,1.6041366812611884,0.4279178759516554
100322,54,0.32119023257636836,1.4199609995836133,0.3344246410977473
100323,43,0.2821484806374885,1.4182854644612626,0.2940114638260777
100324,41,0.3287385766272397,1.3719896544748302,0.2828244489033536
100325,39,0.36656342032638384,1.425065745447914,0.3702068364227605
100326,63,0.31665057554150056,1.4125318486011469,0.3117753685653987
100327,43,0.4689399554456128,1.7495808723108268,0.4827269265089263
100328,13,0.38412995278020795,1.2707588814329265,0.30051605037602735
100329,7,0.7277382186718696,1.3871484398153404,0.4662103319341483
100330,52,0.3655818870313222,1.6676756751016935,0.4104737187138428
100331,8,0.5506123058826172,1.3516915085356436,0.4885078440382721
100332,27,0.2894545575481414,1.3846617158254353,0.3284410125210201
100333,21,0.3675982987770645,1.4472063537889845,0.3840598147197901
100334,31,0.33249354061919806,1.3413478139945976,0.3521368935571554
100335,35,0.401169158021409,1.3672974007161687,0.40697239501352256
100336,63,0.2988314184637233,1.408415694627984,0.314684800799234
100337,67,0.33881255750896005,1.8686797459152413,0.29787073451187474
100338,64,0.36480026707132596,1.5914123526544672,0.38713347475608617
100339,42,0.3470712921782016,1.4502280283121554,0.3668739077400404
100340,61,0.358016961842301,1.5911859828752588,0.3376208360112744
100341,39,0.2965705459463056,1.342478346821495,0.2731506626970498
100342,37,0.29670476703927223,1.4118922309516084,0.3998369940419163
100343,54,0.36255813700170886,1.4727378928912371,0.33220061120265915
100344,57,0.30810025023664106,1.4189581987366486,0.3253043808857816
100345,32,0.30215721540410073,1.510869014406874,0.3805217633122311
100346,72,0.35495510091433924,1.5641013198166727,0.3242271320936633
100347,66,0.34573018463313293,1.7950555647761814,0.35335276428111384
100348,37,0.37438742435603045,1.4292737154316222,0.37156675481974
100349,48,0.3443774672570203,1.4304184456399502,0.3767203497204292
100350,55,0.3110491484887536,1.4235835137595754,0.3307937208466355
100351,35,0.3226253687625208,1.4734845781788404,0.413650023964286
100352,41,0.3139229365407305,1.9287790233677151,0.3953896163574038
100353,58,0.3210317667474198,1.4107265049849138,0.3311923435517629
100354,65,0.3898749025142785,2.247335077487951,0.41044153743220607
100355,32,0.47818166843428733,1.7289564487978817,0.49026832967795725
100356,25,0.4183583667657356,1.871932677321116,0.5139419219358141
100357,60,0.2940352448017944,1.359746810513212,0.30700325658928096
100358,17,0.3744695799700251,1.403367965577173,0.40008689473761183
100359,44,0.3746957221010135,1.396278667324286,0.3964572550367099
100360,79,0.3053177341191696,1.539484293560586,0.3292072218680853
100361,31,0.3301799944454471,1.4357280302659592,0.3468178925392205
100362,52,0.32567286380749505,1.5654770199493784,0.40214218985734523
100363,42,0.3038805342393955,1.4353410446191432,0.29634162741545234
100364,31,0.5068191784438603,1.6870934732960188,0.4718227503118628
100365,64,0.310020307478053,1.4483590546766452,0.3237350960665047
100366,23,0.3067276537025629,1.4082451408388923,0.3663598388431685
100367,40,0.37125548390924135,1.4114852695389508,0.37593981889987244
100368,49,0.4107882297908844,1.9645345667314134,0.4784556297148274
100369,49,0.40918285189700826,2.1223873375359474,0.4722988136900728
100370,54,0.30663994685757995,1.420720369615035,0.38458810690687567
100371,14,0.2603485011546822,1.2486121187447345,0.30960981515506675
100372,59,0.29214467245674713,1.3849095742824096,0.31142060195711435
100373,61,0.3149397449462056,1.40339464248463,0.30452432921187145
100374,23,0.5238383259884187,2.149763009093,0.6083993374892059
100375,50,0.3123076397576424,1.4032492580039586,0.34276723736347076
100376,67,0.2674296211438654,1.503112760976412,0.25011643426960606
100377,58,0.35777271193522253,1.5898718088707606,0.4214000255399557
100378,24,0.401580630282271,1.818268836072696,0.5263898689441111
100379,25,0.32529597937509225,1.424148792173022,0.35089312471426165
100380,64,0.3275687863155589,1.4436602920545663,0.36578873215244323
100381,55,0.28783651092595686,1.4248611853334232,0.3415977265984104
100382,62,0.3175774640635065,1.434195426787197,0.31986198249342557
100383,37,0.37783760249849085,1.3601191818106158,0.36658705089464133
100384,37,0.3171463586561898,1.4302196758476902,0.40562155032509983
100385,41,0.3545675533855201,1.3940814102292491,0.3724392161329416
100386,42,0.35863237343608945,1.446369026566054,0.3819263271249817
100387,63,0.2921637968607883,1.4141316957375658,0.3180661975200827
100388,67,0.3297811768423936,1.4196017159000447,0.3455374942456774
100389,48,0.34432610814314674,1.4184628419810088,0.346801371388026
100390,55,0.35500643431061785,1.4858975602522448,0.33980427156517984
100391,35,0.2895118714413894,1.450605102276568,0.3115539190436123
100392,51,0.37589832624567926,1.79010941539131,0.4264762160446459
100393,44,0.37193770125765085,1.3824947281859417,0.3447982828840917
100394,58,0.2952181284164586,1.454742765596357,0.3361681511554956
100395,19,0.38870938277211187,1.4143166631954487,0.40048482478107456
100396,24,0.44938200760048536,1.455184681575724,0.4585433465480997
100397,68,0.33719848517217493,1.5184441866707272,0.3181359179929195
100398,19,0.46711575783768594,1.8079041850870934,0.46628638690340596
100399,61,0.36084559351208045,1.4460836499173986,0.32584517053232986
100400,33,0.4876363898309931,1.8639097910324203,0.47818959995662497
100401,70,0.33224166575634967,1.4824957767293419,0.3204069307201512
100402,48,0.3117149556125487,1.3980413421446778,0.3569051443456835
100403,12,0.4300861752292125,1.2712975435419673,0.4032029380972575
100404,25,0.3509937874010946,1.4387901379948895,0.36059158147828735
100405,31,0.30791750017381675,1.4730458661948072,0.3910705777956891
100406,29,0.29289736878997147,1.4205696224770554,0.34038464701006416
100407,45,0.32782953032622875,1.4169897370733553,0.28344836702746545
100408,6,0.7309824949744336,1.272246192047614,0.4428017109381041
100409,56,0.33993163409304844,1.4188189157045037,0.3262530327509917
100410,69,0.3912487958597255,1.9505378947621,0.45856898724618045
100411,27,0.29233762045132533,1.4305674449177388,0.3469300620536764
100412,13,0.35691133760988764,1.2518814936338913,0.3110527343637191
100413,45,0.3882441466104332,1.4012847257666101,0.4140591012949265
100414,71,0.3673300731489965,1.4415034353245026,0.35627501264188544
100415,51,0.33399502831850225,1.4272085043337812,0.3425237180465013
100416,59,0.30460415391064793,1.3962354261685288,0.3262507024295029
100417,6,0.7285967746643935,1.2578590759067,0.44435407594774184
100418,44,0.3245337788877448,1.39109829403038,0.36780111340663985
100419,77,0.38914088966477633,1.525871546903249,0.3763632007046868
100420,44,0.27960541524555554,1.4073738878445874,0.2824035790182837
100421,62,0.27028394315290427,1.3450153700999674,0.30880397848431174
100422,10,0.4830013421342445,1.2502721802826497,0.41785016009973885
100423,31,0.3435718591752417,1.413664496131017,0.4041763583472803
100424,58,0.32631054967673856,1.4146926116829832,0.3205485183174983
100425,77,0.35572350829912164,1.6044257336280163,0.36780884758910637
100426,13,0.31636334462025756,1.251499415216347,0.30064403971959724
100427,50,0.43085046087068213,1.8491089172414974,0.460938133406013
100428,57,0.3157412648334709,1.4599635240679727,0.3406223215270859
100429,46,0.2772308596549077,1.388046698149138,0.2856208720818971
100430,53,0.40162535773964625,1.4179587227543886,0.3999674655174357
100431,74,0.30993194795956425,1.418999341225324,0.29907658671992327
100432,8,0.7297725654683378,1.4124078991639304,0.4077263308390636
100433,72,0.374282197681613,1.5972729931627552,0.3188532066296654
100434,47,0.351856985479405,2.0235994993085558,0.48588793442199546
100435,11,0.4895976813391968,1.2570440836864687,0.4048840398639741
100436,49,0.3984936172697751,1.9123349660701685,0.39444835285801444
100437,51,0.38474143688547074,1.4970858773665765,0.3965419158169227
100438,6,0.7186156119791548,1.25137632346788,0.4405909646349165
100439,52,0.31880706936386355,1.3698552494327154,0.32728416401644933
100440,75,0.3184489369828719,1.619610658536143,0.33930014969474853
100441,46,0.27229727703400086,1.398924427780708,0.2832060630799944
100442,70,0.33174879475870966,1.5157963778992714,0.3204773795802528
100443,82,0.31386779900977835,2.011394675886636,0.3977960461982698
100444,42,0.34989460035629977,1.894088739594558,0.39040973644929694
100445,54,0.3373778147685577,1.414850841137566,0.32897191444783386
100446,65,0.3612260460378949,2.1266560672771107,0.40808070484673314
100447,82,0.3160262022519726,1.5610564501516404,0.34928882095569896
100448,53,0.3096186321494491,1.3940893075367962,0.33814128377935265
100449,21,0.34466608134786775,1.38378240463226,0.3712512467007621
100450,57,0.3151327583752187,1.4428198670718442,0.3346172669522337
100451,66,0.2932080849720833,1.6214060938022283,0.26202603614822806
100452,43,0.2969814361866584,1.4342210823529635,0.29248875618373804
100453,75,0.3004360189963071,1.5310017499020137,0.31701703526164465
100454,56,0.29500392478890364,1.418903371235316,0.3353446994448638
100455,80,0.3090158838321038,2.03283617129893,0.40466186707343743
100456,61,0.38620993862327446,1.5505383876431416,0.3702475283988894
100457,11,0.47537377156134986,1.2638252273176473,0.3978934611179131
100458,29,0.41121874700576794,1.9279731309239418,0.4900251029277317
100459,58,0.27755243764237797,1.4048552900125122,0.33494050026937594
100460,31,0.3046226822439799,1.4193271409340875,0.3358863275348806
100461,43,0.390571149580815,1.3948427958436815,0.40495277464784724
100462,7,0.8459507718525772,1.4856265819014975,0.4662179524254047
100463,67,0.3182522094171336,1.420994908571026,0.2908139525917477
100464,56,0.3769860126371275,1.4656134289675233,0.3710956357929461
100465,44,0.32056198823979254,1.4750696675622044,0.38035757658617864
100466,58,0.3628086705396595,1.4861144650391087,0.32025369992594543
100467,42,0.3667356722524658,1.4629666246553468,0.36830394802592936
100468,35,0.373097012612024,1.3995050931566244,0.39988087410047923
100469,60,0.2901911896845326,1.390284337905132,0.32198505554931844
100470,16,0.2476115082104301,1.256673754482988,0.2860516494049508
100471,38,0.3315984985961452,1.41316675225597,0.38434069360077716
100472,69,0.3073837489397533,1.5307362930724826,0.32680328188047847
100473,52,0.31240634851181776,1.4161787344506087,0.34038430440945394
100474,9,0.5862568217955322,1.33977393963236,0.4283044661407047
100475,37,0.2917838320918447,1.3885815456572999,0.29598860550316125
100476,17,0.39103383018424137,1.3888557696446822,0.3944494991240522
100477,54,0.4352246516068907,1.7940314947819145,0.46116859743920985
100478,33,0.2820485027633849,1.5807424494757583,0.3384505482754567
100479,50,0.3808888148190395,1.842586079078399,0.4345179857425728
100480,53,0.34224242488483425,1.4821461201184498,0.34273868812354347
100481,35,0.45442271893911185,1.7232604207487943,0.4633873276826048
100482,62,0.35752299807975035,1.4568452707857829,0.32162933047513353
100483,52,0.32045770654384687,1.4506986683461849,0.34450572159064224
100484,65,0.34729520301892325,1.4520828423100451,0.32502629066523786
100485,70,0.3783844651555749,1.5207370791920787,0.30964093763985445
100486,32,0.3450710970476912,1.439190953272521,0.37325635051899975
100487,72,0.324388385262546,1.6025459950327012,0.34036287682741356
100488,19,0.3601777312640525,1.4678289881896878,0.39930085261430737
100489,7,0.6353428642453071,1.3681142502588384,0.49148536014753097
100490,7,0.6553499850525271,1.3993182735065255,0.4843864954195445
100491,58,0.44396740833797455,1.8012999750650656,0.4345399805757089
100492,25,0.3541368463254981,1.4013678792527329,0.3313610057815497
100493,40,0.3778676669189838,1.3997527914536214,0.36851096882933454
100494,75,0.34720354234340356,1.4260869040223019,0.33423018471395954
100495,51,0.32631186916959665,1.3478001044758046,0.32759234600873655
100496,69,0.4656229401178349,2.0237433501538296,0.4591585317964181
100497,35,0.4241840707662673,1.3722314748643814,0.37631269899962744
100498,24,0.34229651073013406,1.4306926899403247,0.42349230225026474
100499,40,0.34864841614469805,1.494650651956061,0.3745903667165652
100500,60,0.38126359677680793,2.0115491025924928,0.44061947123742434
