FEAT,D1,D2,D3,D4,D5,D6,D7,D8,D9,D10,D11,D12,D13,D14,D15,D16,D17,D18,D19,D20,D21,D22,D23,D24,D25,D26,D27,D28,D29,D30,D31,D32,D33,D34,D35,D36,D37,D38,D39,D40,D41,D42,D43,D44,D45,D46,D47,D48,D49,D50
F1,-0.0460665345,0.1396632670,0.0932840523,0.0862415140,-0.2352807054,0.1455755226,0.0201993876,-0.0435800203,0.0657344559,-0.2147186234,0.1035084650,-0.0772539073,-0.0454753214,0.1484459930,0.0763109028,-0.1463914686,0.0727158850,-0.1540212750,0.1340909437,0.0349105183,-0.0643913759,-0.0075520134,0.1272355811,-0.0443830954,0.0757346888,-0.1184267383,-0.0520754686,0.0063686072,-0.1107271838,0.0194282839,0.2578820707,-0.0291228793,0.0616488850,0.0344767787,0.1120169761,-0.1707617603,-0.0513598079,0.0224242578,-0.1817061917,-0.1273004004,-0.0858272187,-0.2318383865,0.1175462592,-0.1135813158,-0.0917999107,-0.1090785148,0.1607825565,-0.0454055688,-0.2200520483,0.1401207136
F2,-0.0437085074,-0.0812620257,-0.1808210911,-0.0421794181,-0.0613329326,0.0407323855,-0.0615397536,-0.1484979192,-0.1004511865,0.1427922113,-0.2037121713,-0.0026781012,0.0688299948,0.0553706228,0.0498146748,0.0904783556,-0.0982310034,-0.0737490419,0.1220378475,-0.1122378444,-0.1403511516,-0.0717655605,-0.2187510928,0.1629870560,0.0127695833,-0.1109333007,-0.0257928327,-0.0903734664,-0.1491473290,0.0197296697,0.0284552356,0.0599352962,-0.0919793753,0.0402562338,-0.0002566746,-0.0035370185,0.0273633125,0.0229626909,0.1456659321,0.1915159005,-0.1695109418,0.1561444631,0.0659534632,0.0393765129,-0.1520705165,-0.2220259542,-0.0748561274,0.1590311302,-0.0118714790,0.0919346542
F3,0.0571698782,-0.1744594762,-0.0443939984,0.1103705418,-0.1297656326,0.0264109177,-0.1169854898,0.0396935314,0.0421345919,-0.2683183900,0.0164655127,-0.0762436933,-0.1199375964,-0.1619275292,0.1039767906,-0.0550417337,0.0517497742,-0.0714652722,0.1459148528,0.0038932755,-0.0430208151,0.1129101068,-0.0003554622,0.1761470526,-0.1191608949,-0.0021340468,0.1254549891,0.1616030096,0.1085639484,0.2615085848,-0.0757772622,-0.0093909019,-0.0486454853,0.1326500462,-0.2453406900,0.1385057956,-0.1657596146,0.0643727625,0.1744708134,0.1172771014,0.1198299354,0.0058134212,0.1315247606,0.0927557118,-0.2179568779,-0.0686770753,0.0814842358,0.0019109547,0.0487574317,0.0453343140
F4,0.0239821056,0.1356547815,-0.2078301751,-0.0671245595,-0.0129613531,-0.2410297552,-0.0163762277,-0.0696430774,-0.0891237626,-0.2160642430,-0.0466698998,0.0975211705,0.1945016138,-0.1425297687,0.2212864881,-0.2141985148,0.0429696107,0.0067006609,-0.1054789265,-0.0327298857,-0.2119410592,0.0994559515,0.0264646318,-0.1613920625,0.0748435418,-0.0081580868,0.1946212811,0.0148599839,-0.0022000536,-0.0526759531,0.0440811453,0.0517142452,0.0436941024,-0.1530179771,0.1596637715,-0.0602078343,-0.0425401949,-0.0884861599,-0.1015501862,0.1583493277,0.0925449630,-0.0342777867,0.2165541893,0.1382888761,-0.0946006019,0.1490078284,0.0520072745,-0.0409265185,0.0632789797,-0.0049590528
F5,-0.0510338626,-0.1834538889,0.0112416801,0.0790867408,-0.2513042365,-0.0176763597,-0.1055284564,0.1326709312,-0.1637690903,0.0662546212,0.0796234079,0.1690699699,0.0544493748,-0.0491281301,-0.0884164818,0.0939831719,-0.0200947535,0.2348341314,-0.2039468079,-0.1036352357,0.0683325213,0.1360794591,0.0431263384,-0.0412998970,-0.0531927995,0.0181470272,0.1468312387,-0.1999246241,0.0672924186,0.0348452521,0.0681233542,0.1404924088,0.0267134027,-0.0012760140,-0.0579246826,0.0439309287,0.0267171847,-0.0408779256,-0.1057180887,-0.0225944097,0.1257818015,-0.1433951724,0.0411772484,-0.0621883873,0.2267964596,-0.3171529154,-0.1075999185,-0.1813538934,-0.1561559093,0.0492540367
F6,0.0556711599,-0.0478575917,0.2144434516,-0.0907110270,-0.0054228226,-0.0834125077,0.0729905718,0.0228186179,-0.0022780857,-0.2006151108,0.0365616389,0.0050604402,0.0615001058,-0.0240775594,0.1268216833,0.1265197971,-0.0795815627,0.0558300461,0.0139468492,0.1332376921,-0.0415915608,0.1213685289,-0.0532763157,0.3002639246,-0.0641487517,-0.0886530137,-0.0516506074,0.0755978109,-0.1361533175,-0.0288407605,0.0982654441,0.1131010190,-0.1223141132,-0.1339593652,-0.1016098545,0.1123096961,-0.1300837634,-0.1635525120,-0.0794804812,0.0251263606,0.0149275474,-0.0520723802,-0.2331197678,-0.2218735146,0.0180868953,0.0996194098,0.1187861422,-0.1112983434,0.1445288068,0.0071112177
F7,-0.2611374402,0.2154653380,0.1077472157,-0.1092912066,0.0225161795,0.0982150326,-0.0415872936,-0.1835513732,0.1838841463,0.0887966286,0.0916964269,-0.0200405901,0.2380189850,-0.0318625005,-0.0383290148,-0.0085205622,0.0047235986,-0.0474695890,0.2315730176,0.0175520358,-0.0765019362,-0.0812185609,0.2284367504,-0.0445450835,-0.1007549388,-0.0021724410,-0.1568456416,-0.1289802573,0.1239249594,0.0557878387,0.0837136923,0.0035945619,0.0908956706,-0.0507368764,-0.1896938011,0.1993562855,0.2165062109,-0.0303853798,0.1412410732,-0.0071344443,0.0596519130,-0.0755005943,0.1324022001,-0.0418238689,0.0854417730,-0.1776271793,0.1253656366,-0.0790929333,0.1975526462,0.0115657240
F8,-0.0556874351,-0.1091193983,-0.0708217361,0.0886866997,0.1134702945,-0.0118402158,0.0353710468,-0.0266640940,-0.1029624158,0.0709509288,-0.0035257956,-0.0389535569,0.1879400765,-0.1569495330,-0.1020730189,0.1722673528,-0.1221097109,-0.1224730425,0.0192252714,0.1062963402,0.0402174371,0.1565767347,0.1012538600,0.0323763312,0.0237664085,-0.1288832442,0.0713830480,0.2057503076,-0.0656077781,0.1012821942,0.0590827746,-0.1825817633,0.0137219118,0.2333915988,-0.0947829395,-0.0162700322,0.0041424149,0.0021643575,-0.0174082435,-0.2482027272,0.2716749009,-0.0124093275,0.0347690759,0.0126061316,0.1253360347,0.1191510194,0.1196971529,-0.0458347231,0.0064881925,0.1385035600
F9,0.0271533036,-0.0273302411,0.1017824862,-0.0340292934,0.0722063604,0.0474501441,-0.0014881002,-0.1120171457,-0.1935850336,-0.1629005057,-0.0804376053,0.2515394974,-0.0756232966,0.1349940749,0.0895899568,-0.0158542506,0.1485028321,0.0875185559,0.0937860886,0.1071606369,0.1371542358,0.0625983658,-0.0534324497,-0.1137441480,0.1954627025,-0.1072106825,0.1320387737,-0.0456731183,0.1236933376,-0.1585700854,-0.1735340706,0.0327823018,0.0867816020,0.3069774091,0.0155096905,0.2301789837,0.0320883108,-0.1166784788,-0.0395614285,0.0725041098,-0.0253306676,-0.0112699363,-0.1324118833,0.2113446121,0.0439973353,-0.2228801812,0.1622288778,0.0033313717,0.0115029960,-0.1185097716
F10,0.0198251163,-0.0470530590,0.2420958485,0.2491771638,-0.0071209847,0.0441754770,0.1846150878,-0.0176997722,0.1120541610,0.0927059728,0.0173616692,0.2085517107,-0.1646913982,-0.2053915213,-0.0569201936,-0.0426364103,0.0939754789,0.1882060016,0.0924210426,-0.1164170946,0.1310196133,-0.1046654267,0.1269066737,0.0560776503,-0.0565843485,0.0242015132,0.0650354770,0.2344668592,-0.0288090534,-0.2489797117,0.2081848640,-0.0483404580,-0.0478448544,-0.0258206358,0.0106374955,-0.0993707637,-0.0261447553,0.2864726611,-0.0875747121,0.0367954980,-0.0679761033,0.0727973889,0.0145817249,0.0072039570,-0.0851761096,-0.0973641736,0.0250712317,0.1543064110,0.1809775126,0.0790048388
F11,-0.2061860348,-0.1081576270,-0.0890078967,-0.2057538643,-0.3261197403,-0.0370211954,0.2573494288,-0.0713693484,-0.0100280373,0.0312882869,-0.1337192005,-0.0322670744,0.0696892323,-0.0093729066,-0.0058170966,0.0233408068,-0.0706875061,-0.0758846986,-0.0288417620,0.1487029858,-0.0995173271,-0.1150706087,0.0693302235,-0.1106282093,-0.0422914947,0.0242643931,0.1118135058,0.0241603739,-0.0699317261,0.0120130010,-0.0634189203,0.2110404801,-0.0197748871,-0.0901268178,-0.1806814125,-0.0418384364,0.0719437462,0.1573461619,-0.2214706416,-0.0936814696,0.2242364460,0.0316610342,-0.0747493633,0.1226501634,0.1446375198,0.1197468860,0.1852710490,0.1896763385,-0.0484630515,-0.2083911884
F12,-0.0582092853,-0.0706740133,0.0368533253,0.2254142270,-0.0338473931,0.0663965151,-0.0704076162,0.0840095746,-0.1600535384,-0.0068948275,-0.0259835674,0.0093981922,0.0552632246,-0.0671492904,0.1412644918,0.0062643921,-0.0610656601,-0.1487825375,0.0209282497,0.0489982968,-0.0975534331,0.0579397071,0.0842583951,-0.1110239819,-0.0515960058,0.2482128259,-0.0101045804,-0.2253451657,-0.0535662389,-0.1701932635,-0.1186456889,0.1021860982,0.0302487634,0.1137253053,0.0854564015,-0.1667246137,0.1462858695,0.1017484342,-0.0377503211,0.2398292159,0.0671239937,-0.0109112462,-0.2379890823,-0.0720109645,0.0011890130,-0.0715187494,-0.0633052235,-0.0727489940,0.0433284370,0.0116391276
F13,-0.0779187406,0.0801272608,0.1583448965,-0.0910959579,-0.0511657017,-0.0780608186,0.1022206618,-0.0956189027,-0.1258755609,0.1208393064,-0.0535724261,0.0055084442,-0.1298656500,0.0744516934,-0.1225126805,-0.1636168626,0.0687829974,-0.0168053028,-0.0663908061,0.1325616898,-0.0279445203,0.0140909096,0.0511453743,-0.0938188026,-0.0162718477,0.0196466393,-0.0545360203,-0.1381355689,0.0388042801,0.3856053418,0.1123307781,-0.1838236060,0.0648764893,0.1832600841,-0.0994650843,-0.1400545368,0.0681665713,-0.1075606554,0.1386026475,0.1440628817,0.0527268892,-0.1246235074,-0.1657513465,-0.0526671254,-0.0578721901,-0.0133388767,-0.0668169869,0.4084310915,-0.0430116688,-0.0294537563
F14,-0.2793505856,0.0367158407,0.2074899570,-0.1823500850,0.1163099187,-0.0595869986,-0.0940986341,-0.0053346020,0.1814790152,-0.1842017533,-0.2438335533,-0.0074622251,-0.0991106200,-0.0273433137,0.0565191938,-0.1316138173,-0.2358810368,-0.0484744421,-0.0459663627,-0.1426165646,0.1539568901,-0.0182100373,-0.0158537892,-0.0835889805,0.0105619706,-0.0822785617,0.1648893534,-0.1129593498,-0.1542688822,-0.1109364023,-0.0276281782,-0.0272080635,-0.0704312961,-0.0018059183,-0.1723130337,0.1564994083,-0.1223312996,0.2107565663,0.0884280095,-0.0410824326,0.0355888759,0.0651255070,-0.1299962037,-0.0232844717,-0.1184529748,-0.0986180587,-0.0783367537,0.0108625023,-0.0355170790,-0.0715060104
F15,-0.1682560152,0.0406316646,-0.1276423875,-0.0485192050,0.1282511175,0.0978513123,-0.1279835669,-0.0138898740,-0.0284093122,0.0442762861,-0.0379393320,-0.1119107497,-0.1712120843,-0.0436237156,-0.0719623844,-0.1240444776,-0.1228041678,0.0409504094,-0.0491101836,-0.1413475523,-0.0098996531,0.0321997782,-0.3032798965,-0.0732497349,0.0529825214,-0.1651863359,-0.0330958885,-0.1835127774,0.1096024509,0.0426089443,-0.0064336607,-0.0230217011,-0.0185123895,0.0924497492,-0.0137120058,-0.0730437735,-0.0368514544,0.2809328702,-0.2658700908,-0.1650004542,-0.0631243329,-0.1811170817,-0.0289376402,-0.1233329191,0.0085965239,0.1304540697,0.0570092787,-0.0413935007,0.1309876193,0.2254141073
F16,-0.0017311840,0.0396239786,-0.1259641448,0.2250821204,0.1761477285,-0.0897940095,-0.1016492000,-0.0984966553,0.0626436850,0.1024507251,0.0868288311,0.0176388481,0.0577921513,-0.0138224028,0.0551227417,-0.2713021685,0.1121827803,-0.1214016691,-0.1804662225,0.1259418108,0.1257829618,0.0752552673,0.1489815378,0.0940376041,-0.0498771833,-0.0115865462,-0.0005024421,-0.1082218880,0.1098637972,0.0389610289,-0.0322913643,0.0446094063,-0.2677229071,-0.0502081519,-0.1218979700,0.0776378870,0.0888112486,-0.0310135456,-0.0127911877,-0.0237810981,-0.0996087456,0.1520084977,0.0149398708,-0.0059119917,-0.1214887574,0.1669216472,0.0282691871,0.0052685180,-0.2923710535,-0.1348593668
F17,0.1277523064,0.1369119033,0.0426233474,0.0583863694,0.1443323555,-0.0877937156,-0.0007249819,0.1605055241,-0.0798608047,0.1230427578,-0.0149476320,0.1499209554,0.0282511122,-0.0214327389,-0.0152894692,0.0079413099,-0.0321404184,0.0561586966,0.0821609496,-0.1071876122,-0.1278544701,0.2198215231,-0.0808148638,-0.1954983352,0.1155338293,0.1049836897,-0.0273261296,0.0390953061,-0.2006421623,0.2379163035,-0.0340926473,-0.1054724361,0.1579238372,0.0547140857,0.0089850255,0.0500134666,0.0985478786,0.2372289149,0.0442615726,-0.0163677860,-0.0182644193,0.0319032876,-0.0882905816,0.0844171335,-0.0403644475,0.0153641016,0.3339570162,-0.1599966064,0.0740249786,0.0242172336
F18,0.0547011380,0.0620226627,0.1127098641,0.0120010318,0.0372983333,0.0209281278,0.0572246587,-0.0869564041,-0.1765405764,0.1853935134,-0.0554106143,0.2182044067,0.0612661961,0.0450085813,-0.0845857487,0.0781320414,-0.1723549590,-0.0690619234,-0.0035835482,-0.0331228115,0.0547673854,-0.1199986543,0.1516033899,-0.0012917424,0.2883399650,0.1831688795,0.0408732799,0.0461447756,-0.0812563790,-0.0429236559,-0.0087888425,0.0165047237,0.0286982166,0.1382024389,-0.1935334690,-0.1096786398,-0.2183896710,-0.1614613548,-0.1226122440,0.0244867745,-0.0607927530,0.0818869947,0.1009504670,0.0125263430,-0.0157361490,0.1010819542,-0.0682707125,0.1048675768,0.0295247351,0.1093006693
F19,-0.0589128328,-0.0106593248,-0.0182073669,0.1679586698,-0.0941424687,-0.2393216774,-0.0189720378,0.1331054446,-0.0456909251,-0.0554115348,-0.1152547706,0.0525701518,0.0831142252,-0.0646798465,0.2296114156,0.0691553579,0.0602810291,0.0662944236,0.0557816373,-0.2003537733,0.0454328880,-0.0266561141,0.1300909486,0.0106128189,-0.0008732847,-0.2332534775,-0.1217552035,-0.0151969245,0.1245752488,-0.0307390869,-0.0386233004,-0.0128489732,0.0068448067,-0.2131520486,0.0080645421,-0.0244240946,0.1270658906,-0.0894017237,0.0558489577,0.0341689721,0.0408660785,-0.0994635436,-0.1582514715,0.0662354114,0.1047179613,-0.0151423605,0.0591547429,0.3585061383,-0.0336111523,0.4015151132
F20,0.2605498403,-0.0724696890,0.0588036689,-0.0687885847,-0.0813524361,-0.1560508667,-0.0602053062,-0.2752484335,0.0061467442,0.0472319911,0.2398167217,-0.0463237347,-0.1475424186,-0.0661998078,0.0486611267,-0.1361755497,-0.0031505228,-0.0941332513,0.1741103443,0.0193348611,-0.0746525371,-0.0080550272,-0.0434973553,-0.0005943047,0.1022149667,0.0583050314,0.1912811001,0.0393609848,-0.0048205876,0.1057022653,-0.0125745522,0.1964750690,-0.1153022399,-0.0880475819,0.0912325523,-0.0993507698,0.0555459379,0.1087344396,0.1357748039,-0.0920965265,-0.0494137413,-0.3183122050,-0.1875071292,0.1045218806,0.1422916600,-0.0890818251,-0.0871273191,0.0030827960,0.2243706805,-0.0921760611
F21,0.0089622349,0.0959142188,-0.0514124757,0.0637544744,-0.0114129147,-0.0355204015,0.0805343316,0.0290670635,0.0950749353,0.0459804207,-0.1728873215,-0.1288666085,-0.0774727761,-0.1733695932,-0.1167289491,-0.0880548372,0.0706123660,-0.0972894694,-0.0813966928,0.0119772998,0.0422519023,-0.0426587888,0.0954273121,-0.0033920492,0.2840082535,0.0339529329,-0.1767792519,0.0747402997,0.0692419893,-0.1498668008,0.0906182394,-0.0207422676,0.0695910124,-0.0796249750,-0.2158424757,-0.0214462992,0.0018222447,-0.1935740947,0.1002174442,0.1554061289,0.0608406185,-0.1517401547,-0.1587635203,-0.0795339497,-0.0635005794,-0.1579044777,0.0862621234,-0.2513606674,-0.0378409181,-0.0184866052
F22,0.1877261817,0.0177524472,0.0133066002,0.3150572393,-0.2088921231,-0.1333140312,0.0383501296,-0.1479731655,0.0315857419,0.1704629368,-0.0487501323,-0.0465828145,-0.0311204674,0.1417857341,-0.0438615729,-0.0177603713,-0.1012699994,0.0730769005,0.1216446105,-0.0848980077,-0.0363458713,-0.0957035766,-0.0489247453,-0.0691135863,0.0189044463,-0.1115416562,0.0761985839,-0.3148940977,-0.1349753174,-0.1264455761,0.0520764838,0.0425927180,-0.0702816446,0.0171115022,0.0608152401,0.0473486336,0.0562827732,-0.0830587894,0.2405969365,-0.2112899878,-0.0660752195,0.0808603592,0.0223773727,-0.1174966512,-0.0207536214,0.1960638146,0.2777768067,-0.0734555949,-0.0102381865,-0.1153219335
F23,-0.1708462130,-0.0727540386,0.0745127935,0.0311803323,-0.1235140821,-0.1039970412,-0.1612261030,0.0923149467,0.1148368205,0.1291387683,0.0621152639,0.0914081844,-0.1444315941,-0.0686420735,0.0104903617,0.0590125506,0.1198165127,-0.0110254016,-0.0075047355,-0.0653587706,0.0843498895,0.0163205534,-0.0895657015,-0.0367184017,0.0628998791,0.0337621754,0.1458506078,0.0109155176,-0.0375610539,0.1729323493,-0.1092492154,0.0908716962,0.1836192631,-0.1451073970,-0.0920460254,-0.2171143636,-0.2487761047,-0.0259598253,0.0497415154,-0.0410210007,-0.0483443388,0.1068948057,0.0328721003,-0.0305114297,-0.0850474646,0.0552132331,0.1231390459,0.1172765991,-0.1237911220,-0.1938891224
F24,-0.0278255044,-0.1258219329,0.0338267016,-0.0572147013,0.0935529814,-0.0107540322,0.0058041292,-0.1703025739,-0.2523183430,-0.1529401353,-0.0257242926,-0.0220676172,0.0162042153,-0.1827983143,-0.1279059798,-0.1204779408,0.3098514449,0.1143151828,-0.0456255288,-0.1468094407,-0.0092309054,-0.1980116565,0.0633332907,-0.1463633992,0.0402953373,0.1738001960,-0.0372402948,0.1364382399,-0.0845432698,0.0058790056,-0.0779108143,0.0204600058,0.0322021323,-0.0085017790,-0.0011124241,0.2085098143,0.0623787833,0.1364478222,0.2003174625,-0.1318569810,-0.0967424469,-0.1201845946,0.0227382156,-0.1100701551,0.0769306662,0.2336666552,-0.1708456489,-0.0180132028,-0.1930076245,0.1445728096
F25,0.1999391920,0.0544279324,0.0518511557,0.0267653812,-0.0843491238,0.0984718483,-0.0846445564,0.1001844668,0.2279513519,-0.0488016273,0.0270313764,0.0534437972,-0.0850609455,-0.0412151691,-0.3250705420,-0.0472669767,-0.0760581534,-0.3050046003,-0.0776262122,0.1800207240,-0.1953655031,0.1804321982,-0.0680927625,-0.0278685061,0.0439826588,-0.0486514804,0.0787140113,0.0705767028,-0.1263043595,-0.0492145686,-0.1363608984,0.0165324256,0.1640089503,-0.0892671979,-0.0179213320,0.1690175875,0.0594443266,0.0069591818,-0.0206330182,0.1465353277,-0.1277731565,-0.0224185259,-0.0503040187,0.0853722494,0.1674501145,0.1091408130,-0.0404680528,0.2017481051,-0.0344331600,0.2633790699
F26,-0.1462344140,-0.1932258775,-0.0987572239,0.0186732895,-0.0900871837,0.0431479399,0.0840016173,0.0017570904,0.2052876762,-0.1354656946,0.0660705898,-0.0633820329,0.0901489968,-0.1037031262,-0.1029312265,0.0262062646,-0.0985605450,0.1072207596,-0.0578231625,0.1079014617,0.2111369967,0.1064235212,-0.1150877577,0.0446504672,0.2533966172,-0.0401960887,-0.0019845748,-0.1654431799,0.0446529686,-0.0504242563,0.2061666366,0.2038356614,0.2563856345,0.0548783556,0.0851303720,0.0299407952,0.1152982294,0.0287066252,0.2036797020,0.1184971345,-0.0421004212,0.0405530250,-0.1529195814,-0.0453172181,0.0072019788,0.2662216710,-0.1462201523,0.0156648464,0.1183082863,0.0007194998
F27,-0.0080852482,0.2757892393,0.0763827035,0.0603418397,-0.0321897767,0.3109635603,-0.1166806393,-0.2053657009,-0.2158948540,-0.1187206984,-0.0764851128,-0.1002715260,-0.1100383846,0.0913117336,0.1369313477,0.2013989682,0.0238525563,-0.0109227933,-0.0450679745,0.0935965044,-0.0002960078,0.0813260817,-0.0627070126,-0.1295621431,-0.0604543475,-0.1431370986,-0.1209186911,0.1627267560,0.0038476848,-0.1175398806,-0.1981269014,0.2171489669,0.0495155190,-0.0723256288,-0.1202011274,-0.2256739331,0.0100578286,0.0705009395,0.2293531725,-0.1034964066,0.0887864923,-0.0012144611,-0.1130467943,0.0241409717,-0.0507585265,0.0518732214,-0.0672708457,-0.0594829268,-0.1548408445,0.0339314763
F28,0.0382301244,-0.0761633114,-0.1604413203,0.0511987332,0.2093631447,-0.0332049772,-0.0500106185,0.1280496966,-0.1265203285,0.0585341432,-0.0456795196,-0.1244483227,-0.2535382857,0.1070381183,-0.0223677535,0.0539496532,-0.0944095570,0.1744944943,0.1808429742,0.0805151789,-0.1348948406,0.0613848109,0.0942043414,-0.1302258539,-0.1548140945,0.1991845020,0.0112851151,0.0068250800,-0.0713919105,-0.1784050522,0.3256877896,0.2894783957,0.0330445478,-0.0370140301,-0.2420255579,0.0671129303,-0.0098686606,-0.0010340320,-0.0390220159,0.0468423826,0.1388579182,-0.2236692680,0.0844471220,0.0317254873,-0.2148765532,0.1002284773,-0.0059089122,0.1412780209,-0.0307457211,0.0003728792
F29,-0.1787726937,0.0515750863,-0.0250082021,-0.0985782311,-0.0523462982,-0.1246077910,0.0169080558,-0.0718473832,0.0274101719,0.0325115628,-0.0510775541,-0.2633915920,-0.2139829700,0.1117885750,0.1671630412,-0.1095259170,0.2191058104,0.1338417642,0.0926066408,-0.0182488255,0.0549865368,-0.0405389865,0.0660461111,0.2302323275,0.0654716937,0.0656628780,0.2382683744,-0.0518641013,-0.1974497020,-0.0918673014,-0.0563903298,-0.0450543547,0.1242131838,0.2709983333,-0.0068548419,0.0380623695,-0.0438884526,-0.1954801993,-0.0292868297,0.0143812699,-0.0063489406,0.0309542517,0.0075137151,0.0668818981,0.1890756689,0.1454963800,0.1237641565,-0.0833665221,0.0367705753,0.2529827170
F30,0.0492152606,-0.0697824360,-0.0131739996,-0.0283441831,0.1756843431,0.0342756128,0.2907741669,-0.0178269906,0.2490464103,0.0166053069,0.1253996034,0.0647615022,-0.1580972502,0.0363594442,0.1731688095,0.0128116458,-0.0685894296,-0.1693273250,-0.1550566668,-0.2755453184,-0.0633043457,0.0018433086,-0.0835713975,-0.2736387667,-0.0480976608,-0.0395598272,0.0519281990,0.2031821100,0.2096272139,-0.1256605179,-0.0242842474,0.0789261650,-0.0433944892,0.1357345941,0.0345127830,0.0570135715,0.0135785528,-0.1808943053,0.0526917054,0.0749789536,0.0312327329,-0.0764721308,-0.0659594702,-0.2331456402,0.1069325494,-0.0008472826,0.1810632189,0.1276145489,-0.1016169686,-0.0918327737
F31,0.0856113621,0.0783232066,0.1643660142,0.0520947412,-0.0236973661,-0.0306322925,-0.2390870089,-0.0083017011,0.2127223559,-0.0735913512,-0.0908063689,-0.0239922716,0.1225144206,-0.2226670778,-0.1832255270,0.1640002294,-0.0509300263,0.1909790303,-0.0276057565,-0.0952180646,-0.2859300694,-0.3697965507,0.0714012837,-0.0618805846,-0.0058378860,-0.1273356313,0.0526233781,-0.0042771894,0.0691094251,-0.0118691632,-0.0398082979,0.0286110119,-0.0363821735,0.2397371300,0.0965412896,-0.0638651587,-0.0908860450,-0.1175877589,0.0141653142,0.0270770320,0.1819153806,-0.0471684922,-0.1069292324,0.1132609651,-0.0785759427,0.1869706881,-0.0656026331,-0.0343512067,-0.1155792899,-0.0383741450
F32,0.2369048134,0.0840788444,-0.0725533161,-0.0007948053,-0.1769741046,0.0688782954,-0.1087593124,-0.0935540909,0.0772805571,-0.1311659032,-0.0583771892,-0.0574954743,-0.1913994102,-0.1032839553,-0.0013569723,-0.0123746181,-0.0505691638,-0.0093340945,0.1207203007,-0.2256243452,0.0078277885,0.0399214245,-0.0081039741,0.0410105344,0.0562783001,0.1956888396,-0.0562985586,-0.1069499698,0.1984376669,0.0475867693,0.0922251979,-0.0978017724,-0.0067756408,0.0710655592,-0.0624782089,0.1745033017,0.2729927428,0.0759896800,-0.2845215023,-0.0348209683,0.2286112491,0.2861838149,-0.1438581121,0.0379261970,-0.0254600879,0.0179729693,0.0475095741,0.0407298178,-0.1727813132,-0.0103982628
F33,0.0083049460,-0.1500591483,0.1568649411,-0.1419639851,-0.0091744454,-0.1721175370,0.0724630633,-0.0224123429,-0.0257588151,-0.0140558151,0.0888288697,-0.0019460988,0.0603754129,0.0047492218,-0.1415268319,0.1130980745,0.2780253761,-0.2155906217,0.1373827555,-0.0789318002,0.1511697234,0.1389250467,-0.0245544687,0.0599679088,0.1757239750,-0.2009014385,-0.0871671068,-0.0967801844,0.0313849321,-0.1883909283,-0.1268497287,0.0479870793,-0.0783152059,-0.0242172483,0.0196115146,-0.2388835956,0.1338880899,0.1771603336,-0.0668702677,0.0108404672,0.2148281455,0.0471185094,0.1262289257,-0.0236375100,-0.2036687873,0.0554413817,0.0593678346,0.0199711611,-0.0751552199,0.0606170431
F34,0.0765872086,-0.1719312378,0.0663555838,-0.0103747385,-0.0249612650,0.1957658959,0.0561899511,0.2136011233,0.0478769812,0.0546448263,0.2557703323,0.0702549231,-0.0010866583,0.2421433901,0.0817337115,-0.1412447040,0.0301840318,0.0964052204,0.0024951731,-0.0519213881,-0.0295583018,-0.2940108094,0.0325760652,0.0559883321,-0.0388445715,-0.0331560021,0.0370935763,-0.0128029391,0.0667929017,0.1399884566,-0.1865755243,0.1085228424,0.1932866845,-0.0756049011,-0.2838118762,-0.1100340984,0.1493038854,0.0371141982,0.0494066524,0.1366456003,0.0218585861,0.1203841189,-0.0684053682,0.0633670586,-0.0889400750,0.1582111961,0.0936929169,-0.2278708148,0.0130473409,0.1800674254
F35,0.1705217406,0.0568232774,0.0172966945,-0.2321193393,0.0522324471,-0.2410484879,-0.0711301960,0.0414696763,0.0523475159,-0.0878528679,-0.0401457428,0.2516616496,0.0346180053,0.0006809358,-0.0093550775,0.0720159535,-0.1153864168,-0.0290052468,0.1796194118,-0.0691714093,0.0496084596,-0.1630329186,-0.0699594299,0.2169708208,-0.1806797362,0.0274857634,0.0242147932,-0.0125929260,-0.0790608184,-0.0187427069,-0.1680579137,-0.0606439705,0.1545766321,0.0777939478,-0.0756964431,-0.1056514529,0.2212145698,0.0030745485,-0.0442867111,-0.0584255669,-0.0029921087,-0.2742738292,0.0615829064,-0.2285848700,-0.0448464676,0.0076768288,-0.0864587168,-0.0304662219,-0.1088657054,-0.1561897268
F36,0.1170889222,0.0760316333,-0.0816239492,-0.0481694797,0.1272486127,-0.0634482109,0.2035877813,-0.2818705116,-0.0427668900,-0.0030058743,-0.0255217056,0.0868089452,-0.1215981389,-0.1487528544,-0.0547688428,-0.0016177236,-0.0447934087,0.0409443870,-0.0760303923,0.2174534553,-0.1204404127,-0.0864508998,-0.1935729711,0.1919353861,-0.1406488890,-0.0165958278,-0.0176144852,-0.1007335539,0.0892807987,-0.1358703493,0.0727492711,-0.0145323929,0.3196122715,0.0084530278,0.0685080851,-0.1454029689,-0.0718722931,0.0471931618,0.0477447724,0.1559460201,0.1811845340,0.1644904354,0.1082027319,-0.0563775817,-0.0229446370,-0.0988922277,0.1115253229,-0.0618833441,-0.0988450081,0.1188415615
F37,0.0060027184,-0.0587518713,-0.0378214390,-0.0406466101,0.0133440621,0.2223244789,0.0516588724,0.0059743556,0.0230882982,0.1207137450,-0.2526165861,0.1915002199,0.0935067870,0.0631546871,0.0140652778,-0.0682244809,0.1135738879,0.0939137381,0.0885906329,-0.1221126343,-0.3189001140,0.2589148417,0.1893237905,0.1743643288,0.1603479760,-0.0885405008,0.1356683817,-0.0539183034,0.1111998673,0.0686164024,-0.0181489457,-0.0030043741,0.0618590376,-0.0975859442,0.1211263901,0.0322706641,-0.1002928492,-0.0481992995,0.0803824403,-0.1664514065,0.0881626308,-0.0501815224,-0.2318591264,-0.1829388140,-0.2866817284,0.0509853166,-0.0672730165,0.0242797237,0.0643781733,-0.0353219425
F38,0.0969871787,-0.0353150078,-0.0373294495,0.0988695354,0.0384034589,0.1091359275,-0.0146656003,-0.1435649899,0.0715504867,-0.2735330654,0.0963695182,0.0955263224,0.1279597421,0.1012366332,0.0948409753,-0.0056561884,0.0409559769,0.0706116005,-0.0106111105,0.0037181202,0.0741373138,-0.0076349048,-0.1136632604,-0.0940280215,0.1592603558,0.0869537714,0.1016395009,-0.1443801010,-0.2456872555,0.0809250217,0.0886894790,-0.2280529337,-0.1149776360,-0.0191379761,-0.2251207773,-0.1256106692,0.0834386979,-0.0815134093,-0.1278444017,0.1809657542,0.0939653970,-0.0685651843,0.0274681348,-0.2665284999,-0.0519294292,0.0548582578,-0.1495205441,0.0739847048,-0.0060148487,0.0411275823
F39,0.0838391759,-0.1456543453,0.0746269110,0.0178935065,0.0736867509,0.1655452627,0.0199425095,-0.0273164086,-0.0423403059,0.1159433566,-0.0886321432,-0.1139015623,0.1871235857,-0.3068530022,0.1115770338,-0.4447311362,-0.0824484074,0.0277575611,-0.1723466458,-0.1575434099,-0.0825361118,0.0274875824,-0.1561257289,0.1972331070,0.0007240509,0.0307707877,-0.0761738978,0.0065334731,-0.1343896221,-0.0824550958,-0.1008042618,0.1088716439,0.1260192239,0.0205890678,-0.1797541552,-0.1422446111,0.0718567237,-0.1088246853,-0.0187763298,-0.1850028289,-0.0087568014,-0.0593934651,0.0485028798,0.0172260829,0.0744615365,-0.1806481424,0.0949952057,0.1006788873,-0.0407312856,-0.0213382413
F40,-0.0085281908,-0.0320002164,-0.2204791830,-0.0780078645,0.0208437958,0.0914021998,0.0803493561,0.2087668862,-0.0952616559,-0.0775630677,0.0491130550,0.0026453721,-0.1070009084,-0.0132933255,-0.1298728734,0.0505186409,0.0659904646,0.0130544921,-0.0880189523,-0.0003114949,-0.0257090830,-0.1196507358,-0.0145210775,0.1764875434,0.1214447584,-0.1194211827,-0.1380609491,0.0359384199,-0.1083656981,-0.0521969479,0.0686077404,-0.1251179917,-0.0844367142,0.0490157857,-0.0476850547,-0.0835862658,0.1044062123,-0.1256177090,-0.1295247674,-0.1041522118,-0.1516976109,-0.1802956951,-0.2556670436,0.2637203847,-0.1401280903,0.0018319867,0.0853427648,-0.0334577244,-0.0548879906,-0.2146663094
F41,0.0683250687,0.0846244039,0.0537937772,0.0364530122,-0.1706560777,-0.1384052416,-0.0107796672,0.1097479413,0.1051911060,0.1001327987,-0.2081499490,-0.1489763819,0.1342050457,0.0516026878,0.2450095407,-0.0097528528,-0.1462024064,-0.0392999546,-0.0165133328,0.1494521568,0.0069064710,-0.1047634962,0.0349997347,-0.0290824617,0.1932130699,0.0691200472,0.0468553768,0.3177912153,-0.0263659788,0.1051862233,0.0148944073,0.1816322457,-0.0098032256,0.2053823063,0.0553263634,-0.0122964039,0.1360666238,0.1180962699,-0.1229114511,-0.0053087884,-0.1780439692,0.0922578105,-0.0366982255,-0.1589741047,-0.0771811299,-0.1031995918,-0.1342749252,-0.0919151308,-0.1048815224,0.0889627258
F42,-0.1159335034,0.1674961296,0.1441136163,0.2871882924,0.0215351733,-0.0177355737,-0.0207557077,0.1394626579,-0.0499751287,-0.0715316672,-0.2067158834,-0.0607393908,0.0704067262,0.1075441561,0.0129759911,-0.0821485493,0.1117039583,-0.0926670238,0.0819564062,0.0063179651,0.0089598593,-0.1146483415,-0.1798995484,0.0837878601,0.0208812649,0.0562789771,0.0253716606,0.0039180812,0.2658180581,-0.0276775068,-0.0410722432,-0.0504825521,0.3282600573,-0.1430759719,-0.0072581013,0.0510450901,-0.0213424744,0.0201402023,-0.2079778741,0.0051609980,-0.0327193499,-0.1371083934,0.1247164872,0.0465499357,0.0411555842,0.1426119172,-0.0925368977,0.0546727645,0.1800512178,-0.2638696058
F43,-0.0388011669,0.2284224784,-0.0884249843,0.0564192418,-0.0450738720,0.0540068704,0.1617588081,0.0985094661,-0.0636929663,0.0473977403,0.0790956518,-0.0015542182,0.0697026315,0.0258756890,0.0262172687,-0.1335011032,0.0197462139,0.0488100609,-0.0299676927,0.0689967563,-0.0111712297,-0.1035563235,-0.0395963492,-0.0098501546,-0.0837279236,-0.0584083458,0.3181713612,0.0587050771,-0.1190191292,-0.0676439303,0.0453053960,-0.3299314984,-0.0367353505,-0.1737536627,0.0022635875,-0.0259141934,-0.0852966878,0.2013974217,0.1367383251,0.0571203741,0.2309206163,0.0523071954,-0.2722337227,-0.0612436841,0.1011729932,-0.0508050725,-0.0706894223,-0.1004285483,-0.0834045033,-0.0377942911
F44,0.0096011177,-0.0971162643,-0.1051552455,-0.1133467688,0.0334754918,-0.0954922081,0.0223940970,0.1627382948,0.0032489402,-0.1087767923,-0.0532893851,0.0607774830,0.1627197778,0.0875769357,0.0801495682,0.1373648279,0.2509718947,-0.1815369235,-0.0609842171,-0.1290487697,-0.1433611337,-0.0243269239,-0.1488794762,-0.1861960761,-0.0638927735,-0.0320444668,0.0520288388,0.0233984486,0.0163537151,-0.0080564153,0.3401986937,0.0290846157,0.1845660164,0.1558629686,-0.1723400038,-0.0343930641,0.0190389879,0.0496470260,0.1681815716,-0.1325610804,-0.1479643322,0.1374221910,0.0099535472,-0.0975244743,0.0218031096,-0.0437832551,0.0126035745,-0.0400792092,-0.0037260625,0.0007706608
F45,0.0815658777,0.0193654004,0.0111437469,0.0841474234,0.1161248253,0.0722021660,-0.0427855614,-0.0585902317,0.0811795968,-0.1003985334,0.0815812886,-0.1249279437,0.1559389867,0.1937455690,-0.1862628505,0.0398024891,0.0659987673,0.0172312577,0.0133852134,-0.1974618974,-0.0845300820,-0.0691705343,-0.0477750902,-0.0305579622,0.1261003597,-0.1148113624,0.0917494365,0.0123884865,-0.3197987100,-0.0707982370,0.0399425032,0.0760679924,0.0603926620,-0.1864500498,-0.0996700511,0.1249047665,0.0033700026,-0.0471313238,-0.0628400203,0.0078242027,0.0672779173,0.0779704367,0.0572296672,0.2212918834,0.0651859154,-0.2170296713,-0.0233330922,0.1389481750,-0.0505567650,-0.0660561996
F46,0.1567084435,0.0034792212,0.0835381193,-0.2349823800,0.1524669057,0.1458543167,0.0378816416,0.0157052672,0.1314332037,-0.0304771546,-0.2686625607,-0.0114322692,0.0582873248,0.0712790079,0.1157537144,0.1724374754,0.0599898597,-0.0196895716,-0.0977266174,-0.0711968436,0.1075758419,-0.0940354672,0.0259958435,0.0930452359,0.0497581048,0.3360459108,-0.0468832552,-0.2042364726,0.0593570954,0.1624934105,0.0952459455,0.0401080749,-0.1514246231,-0.2221656740,0.1207806925,-0.0858927503,-0.1605759291,0.1139341015,0.0477657218,0.0856674202,-0.0197135040,-0.1063812599,-0.0356930978,0.1675999584,0.1585341965,0.0539768295,0.2538314551,-0.0217068243,-0.1095571541,0.1539738566
F47,0.0741108296,0.1139545013,-0.3429598804,-0.0518660483,0.0247077906,0.0293496727,0.1936059784,0.0491144029,0.1296978638,-0.0517508143,0.1134031346,-0.0743770448,0.0466335258,-0.0410291930,0.0292454236,0.0193380656,0.0270588314,0.1471867829,0.2676409887,-0.0681708840,-0.0981938404,0.0597103906,0.1594562590,-0.0579793070,0.2352354124,0.0589018971,-0.1475307397,-0.0826658242,0.0728008929,-0.0654069342,-0.3207385405,0.0226839361,-0.0539526232,0.0739717189,-0.1831030831,-0.1032321392,-0.2422335446,0.1147256572,-0.0174818254,-0.0214888882,-0.0311826143,0.0789538894,0.0470020406,-0.1339632985,0.1729095550,-0.0367272155,-0.1496150168,0.0784368818,0.1101401735,-0.0640449967
F48,-0.0984986417,-0.0772943602,-0.0044963298,0.0085422364,-0.1389977543,0.2361447275,0.0120171671,-0.0707751563,0.1901383916,0.1479584107,0.1024161831,0.0933224245,-0.0423181509,0.0252238801,0.2957776085,0.1780914124,0.1492257105,0.0308824455,-0.1436960391,0.0566855333,-0.1896987028,0.0015039061,-0.1125189903,0.1983405280,0.1516524503,0.1598103464,-0.0178041308,0.0494681861,-0.0128872287,-0.1027956566,0.0827813280,-0.1681925568,0.0204610293,0.1026194626,0.0858221262,0.1191732442,0.1335383604,0.1512514892,0.0874956438,-0.1105308576,0.1013443662,-0.1366554286,0.1733769944,0.1201444882,0.0003830623,0.0375370139,-0.1330148194,0.1014198744,-0.0790687084,-0.1079372576
F49,0.0674358996,-0.1328116559,0.0347242288,-0.0519012444,-0.0965913799,0.1861062379,0.0325830123,0.0364950316,-0.2779449358,0.0065813240,-0.0271581583,-0.2940016604,-0.1483956946,-0.0979063062,0.1154583166,0.1380035177,-0.1794417985,-0.1171591838,0.0607343634,-0.2876002882,0.0289978738,-0.0010279155,0.1212221992,-0.0132845241,-0.0673371506,-0.0960804587,0.0577582284,0.0292422181,-0.0405481977,0.0165246231,-0.0237703819,-0.2649366161,0.1194111053,-0.1174313187,0.0910265141,0.0046575004,0.0864227783,-0.1403774108,0.0237510005,0.1673249010,-0.0616739112,0.0649357878,0.0969321295,-0.1158434477,0.1051983271,0.1344382135,-0.0259288096,0.0307495913,0.0743202449,-0.1794230600
F50,0.0808934334,0.0492977555,0.0670518289,-0.0795930090,-0.0373448530,-0.0140965849,0.1224141961,0.0617440399,-0.2070028722,-0.2473159962,-0.0200665177,0.1236871626,-0.0416932005,-0.0685901242,0.0188657127,-0.1646701161,-0.0788358315,0.0974383188,0.0508427363,0.0274915679,0.0125034391,-0.0338819189,0.1466777549,0.0942224536,0.1083973263,-0.0876324771,-0.2604656929,0.0355734949,-0.0900415005,0.1199579070,0.1843257238,0.1207557023,0.0777307992,-0.0198088481,0.0741564713,0.0705980288,0.0650903877,0.1667604569,0.0939007817,-0.0255704455,-0.0734687114,0.2361996135,0.0266336284,-0.0123853611,0.1236635526,0.0581022471,0.0075815200,0.0485573752,-0.0452336200,-0.1904590096
F51,-0.0836130712,-0.0287848479,0.1253161663,0.0427416448,0.1510623632,-0.0807123683,0.2154766433,-0.0910233153,0.1803921832,-0.0496194208,-0.0574886882,-0.1731857881,0.0763519824,0.0850176243,-0.0250280540,-0.0507644239,0.0023380370,0.1727681291,0.0599904831,-0.1717284383,-0.0361429000,0.2251591784,-0.0357051601,-0.0662240042,-0.1625273398,-0.0055819876,-0.0266538299,0.0924675985,-0.0216662464,0.1405034086,0.0556713927,0.0075815025,-0.0548351852,0.1216059536,0.0523775098,-0.3334978476,0.1927201322,-0.0761581107,-0.0308697518,0.0883609550,0.0019623780,0.0734015121,-0.0535598354,0.3341409948,-0.0083151551,0.0159035988,-0.2081458427,-0.1429374643,0.0391701154,-0.0591805193
F52,0.2538446432,0.0018470758,-0.0542390643,-0.1840123501,0.0566898103,0.0419531430,-0.2797302104,-0.0058299010,0.0819462033,0.1182828010,-0.0166855078,-0.0927247181,0.1812905656,0.2025960604,0.1129995811,-0.0841564639,-0.0191251014,0.1745551119,-0.1937441431,0.0776405796,0.2533608945,0.1006483292,0.2021145650,-0.0192844662,-0.0864696419,-0.0621128997,-0.0081832702,0.1125876069,-0.0512549919,-0.2004864597,-0.0319655521,-0.0807394391,0.1654412234,0.0630305582,0.0278556847,-0.0079488414,0.1257060750,0.1193001102,0.0293967795,-0.0005811610,0.1010499079,-0.0445812665,-0.0218073138,-0.0279364949,-0.0947988190,0.0823610902,0.1043789076,0.2295022886,0.1657653945,-0.0443127501
F53,0.0822080250,-0.1904969978,-0.0111268534,0.0575458716,0.1297475450,0.1389507063,-0.1105916399,0.0554678526,0.0472735138,-0.2107145291,-0.2317101957,-0.1862818410,-0.0537453504,0.0186029725,-0.2311170308,0.0191780629,0.0818457692,0.0256199229,-0.0570743771,0.1464537454,0.0162083418,-0.0408827004,0.1929204321,-0.0065258203,0.1050672604,0.0371489660,0.2615345855,0.0021971738,0.0868769803,0.0699292074,-0.0149052572,0.0153260067,-0.0230315198,-0.0029471513,0.1212634477,-0.2579711448,0.1059712381,0.0246361911,0.0886124374,-0.0458548756,0.0048049401,0.0550430445,0.1712167793,-0.1986668050,0.1126919224,-0.1991695463,0.1827885664,0.0277021434,0.0871298745,-0.1192373935
F54,0.1598536681,0.2428986217,0.1595346144,-0.0783382616,0.0122352088,0.0903884183,0.0423506164,0.0939611746,0.0010730169,0.0283661124,-0.0898134070,0.1075117416,-0.0590284409,-0.0748433071,0.0509004181,0.0235248817,-0.0153291392,-0.0405676111,0.1044845409,-0.0161885029,0.0960150692,0.2524455546,-0.0442392443,0.0655965792,0.0028895883,0.0055871227,0.2500419621,-0.0765685255,0.1459404843,-0.0758042487,0.1695909597,0.0481695788,-0.0472815317,-0.0586764386,-0.2396946598,-0.1269646943,0.1114185278,-0.1624651569,0.0842709460,-0.2392128192,-0.0628564249,0.0832997744,0.0992504829,0.1123908692,0.1856989983,0.1325713350,-0.2155512369,-0.0319973898,-0.0645126455,0.0436453546
F55,-0.1295913912,0.1532813572,0.1039692416,0.0954619694,0.0246472068,0.0378674294,0.0686395987,0.3137746574,0.0244999823,0.0333928404,-0.0505544767,0.0053210636,-0.0088294423,-0.0792505989,-0.0168171139,-0.0247817737,0.0108446483,0.0241274264,0.0981484259,-0.0251095527,0.0397486785,0.1297938783,-0.1480305719,0.0819251580,0.0947661060,0.0911068067,-0.0955443288,-0.0075180976,-0.2430040464,-0.0198102323,-0.1316931717,0.0964600972,-0.1869252347,0.1183669860,0.1051408115,0.0503286464,0.1141002286,0.0061287694,0.2204502890,0.1997008225,0.2204949653,-0.1679967338,0.2264013064,-0.0538586065,0.0752937686,0.0930006428,0.1114867112,0.0477164031,-0.1267489915,-0.1120599828
F56,-0.0591856082,0.0549110970,-0.2008280882,-0.0091914075,0.1181661914,0.1329409128,0.0582142551,-0.0043657668,0.0976845093,0.0626004057,-0.1158202879,0.1840046282,-0.1396125454,0.0963991324,-0.0439422901,-0.0727378917,-0.0905988051,0.2208298199,0.1195019971,0.0152820295,0.0628490971,-0.0185814915,0.0548436238,0.0550656250,0.0018523228,-0.3095406355,0.1078553639,0.1351322834,-0.0004216174,0.2088613178,-0.0205085032,0.1743010169,0.0193650268,-0.0588130900,0.1295313696,0.0272226682,0.1291712819,-0.0058663838,-0.0758666080,0.1208818513,0.0072480888,-0.0640383517,0.1334168065,-0.0852745116,0.1435416568,-0.0069899856,-0.0432077084,-0.0082200861,-0.2257938332,0.0333996086
F57,0.0392479435,-0.1300565913,0.1083855534,-0.0885838575,-0.0848525498,-0.0247160171,0.2177776676,0.2171082446,0.0087596102,-0.1608237224,-0.0220457498,-0.0092189604,-0.0284198274,0.0209855775,0.0271974868,-0.0925524088,-0.2647825770,0.1024756567,-0.0331040198,0.2042263672,-0.1723718667,-0.0189491104,0.1019029208,-0.1298157905,0.0000148861,-0.0429473502,0.0518926158,-0.2040094963,0.1335817468,-0.1874140255,-0.1323478619,-0.2465343332,-0.1002544804,0.0165633978,-0.0486383049,-0.0274925002,0.0537267632,0.0480444411,0.1661654626,-0.1157799642,-0.1904419586,-0.0785435540,0.2140445655,0.1745475764,-0.1348790595,-0.0222995570,-0.0061575270,0.0115490380,-0.0769324981,0.1212062436
F58,0.0234522949,-0.1902044682,0.1697203667,0.0536929723,-0.0938271371,-0.1749895429,0.0170416406,-0.0590052598,-0.0401080976,-0.0378547939,-0.1552596188,-0.0602507593,0.0010168311,0.4093880699,-0.1538334884,-0.1381706996,-0.0158005445,0.1776033289,-0.0417006705,0.0251446970,-0.2015576269,0.0882920287,-0.2465001526,0.0371824801,0.0534625826,0.1043271524,-0.2102794500,0.1967147043,0.1536277471,-0.0473513526,-0.0608998429,-0.1056663056,-0.1363929897,-0.0875293765,-0.0684088582,0.0558475190,-0.0331031375,-0.0158189581,-0.0012487446,-0.0535132508,0.1680429079,0.0749880414,0.0243433516,-0.1446460260,0.1427808723,0.0073235963,-0.0202169915,-0.0086538300,0.0018923939,0.0373894024
F59,0.0847275592,0.1816713454,0.1266940918,-0.0565534108,-0.0362366887,0.0021377007,0.1476295868,-0.0485987668,-0.0760846965,0.0955005803,0.0179886661,-0.2051044275,0.0384623619,-0.2323782495,0.0242277097,0.2501317522,0.1468760697,0.3120374372,-0.1668249138,0.1177055280,-0.0339272604,0.0068257075,-0.1863992974,-0.0974045812,0.1207805625,-0.1162311760,0.1624375889,-0.0074275544,0.0695097037,0.1213049685,-0.0691976770,0.0174279942,-0.1256752710,-0.1087337880,-0.1814661436,0.1286233536,0.2023584352,0.0200428459,-0.1241266265,0.1103675979,-0.1825732039,-0.0245232358,0.0954003523,-0.1178019441,-0.1840497590,-0.0298039499,0.1217137901,0.0537040331,0.0972402756,-0.0113758461
F60,0.1768293391,-0.1084075239,-0.0369038233,-0.2386167406,-0.2323336023,0.0672720159,0.0315000683,0.0197575911,-0.0136311056,0.2689635029,-0.1501461313,-0.1027810282,0.1399082672,-0.0245151407,-0.1217170676,-0.1724033306,0.0875735069,-0.0361753447,0.2437701604,-0.0262372000,0.2065399050,0.0460414826,-0.1018621547,-0.1635788982,-0.0069614037,-0.0668947727,0.0287019439,0.1006438977,0.0819598085,-0.1052931234,0.0946527583,-0.0780508920,0.0059096007,-0.0428281010,0.0060048886,0.0920700128,-0.1327529191,0.0132950284,0.0197473561,0.2175820766,0.0274725001,-0.1293074719,0.0371589665,0.0578667612,-0.0946277617,0.0322902870,-0.0817140092,-0.1847739762,-0.1690904508,-0.0093955935
F61,-0.1888248180,-0.0815952245,0.2443009917,-0.2019618772,0.0166101068,0.0299094973,-0.2314265901,-0.1117261018,0.0017837333,0.0373116671,0.2554479144,-0.0083595886,-0.0044488386,-0.0580681631,0.0351412910,-0.0260750574,-0.1479958371,0.1865634674,0.0634677354,-0.0221728739,-0.1902870324,0.2136933073,0.0868209075,-0.0717780974,0.1338452059,0.0440772564,-0.0637688421,0.0644534879,0.0142632719,-0.0856901725,0.0470987692,-0.0841168608,0.1159729935,-0.0944487761,0.0577454877,-0.0633712615,-0.0642953318,-0.0563076259,-0.0963958280,0.1235619372,-0.1267602141,0.0930953944,0.0209899292,-0.0398843290,-0.0062882311,0.0535813022,0.1118988302,-0.0381774759,-0.2336564623,-0.0754798825
F62,-0.1505519818,0.1308178746,-0.1118322138,-0.0547526146,-0.0492603327,0.0976066254,-0.0784077958,0.0860538421,-0.0857151016,-0.1074021488,0.1418794317,-0.0454980546,0.2818957030,-0.0238155604,-0.1918479305,-0.0379282977,-0.0024613191,0.1196314239,0.2638039645,0.0090572466,0.0218944455,0.0186048918,-0.1929661803,0.1087121251,-0.1462837066,0.2552042540,0.1773784757,0.1423247723,0.1759620437,-0.1541201972,0.0207765001,0.0037877321,-0.1064997627,0.0663614746,0.0665651539,-0.1052928083,0.0438801860,-0.0608932124,0.0641477930,-0.0026168035,-0.2133446670,0.0702777869,-0.1917209917,-0.0756856747,0.0065222738,-0.0123461076,0.2230678710,0.2316750215,-0.1424142396,0.0360368866
F63,0.1535993995,0.0614634140,0.0967311347,0.1481690290,-0.0257686308,0.0389628700,0.1166018785,-0.0891027414,-0.0993630006,-0.0518768879,0.1011895905,-0.1134792618,0.2528383892,0.1143103266,-0.0071386426,0.0226461621,-0.1173325524,0.0032795784,-0.1147710609,-0.1596141677,0.0447579485,0.0702333253,0.0558048414,0.1689890988,-0.0322736895,-0.1541440073,0.0195236382,-0.0900537241,0.1668881931,0.0557291716,0.0906662826,0.0837029282,0.0272957030,0.2569396099,-0.1068156592,0.0396451615,-0.2971316423,0.2792229298,0.0066961648,0.1937588664,-0.0789594641,-0.2176900716,0.0190901917,0.0683883687,0.0994639543,0.0811413088,0.0684305929,0.0653268918,-0.1330015811,-0.1153932382
F64,-0.0408914537,0.1221033824,0.0520669182,-0.0336829800,-0.0633981566,0.0814060384,0.3292571298,-0.0342946794,-0.0704687392,-0.1014353244,0.1119402965,-0.0718822653,0.0665761736,0.1012857003,-0.1742120625,-0.0002236061,-0.1098952570,-0.0740982025,-0.1288535419,-0.1916966966,0.1368999304,0.0388822144,0.0561061872,0.0501453644,-0.0674914233,0.2222681827,0.1333676112,-0.0061333196,-0.0283163223,0.0872739177,-0.1500751871,0.1864088214,0.1083484900,-0.0105258090,0.2177949664,0.1706775168,0.0261717157,-0.1171510403,-0.0346637215,-0.1684565744,0.0944909967,-0.0168929816,0.0430441601,-0.0385822115,-0.3802625082,-0.0505932694,-0.0437272411,0.0134065985,0.0336468703,0.1376818897
F65,0.0867262662,-0.1579763493,-0.0382217561,0.1567874834,0.0260889377,0.0733603431,0.0722299918,-0.0671536201,0.1262356151,-0.0693936140,-0.0195979822,-0.0067183379,0.1081603329,-0.1233819352,0.1712724395,0.0399125293,-0.1394553202,0.1427691949,0.2306726764,0.1860261084,0.2800435442,-0.0462647479,-0.2070947767,-0.2309844350,0.0208443944,0.0628622997,-0.1434933246,-0.0004073831,-0.0435911126,0.1483260783,-0.0484498426,-0.1059628072,0.1756449755,-0.1035965961,0.0654909714,0.0134229927,-0.1408069595,-0.1562842615,0.0148269992,-0.2257501852,0.0789360848,-0.0601457734,-0.0389795734,0.0950062438,-0.0709348276,-0.0571887588,0.0330864169,0.0837736812,-0.1216597607,0.0117662050
F66,-0.1737605516,0.0144342675,-0.1741081936,0.0674603343,-0.0581309746,-0.0700567463,-0.0986419882,-0.1930583889,-0.0794803758,-0.0728655275,0.0132692636,0.1609869112,-0.0117353810,0.1055542269,-0.0602762945,0.0323523779,-0.3279470663,-0.0388161496,-0.0800313369,-0.1514748251,0.1006854982,-0.0601446162,-0.0284009796,0.0842637451,0.2786421918,0.0953275731,0.0881964314,0.2392787645,0.1652770194,-0.0057189448,0.0527061342,-0.0896416251,-0.0615955747,-0.1283078427,-0.1047051048,-0.1036930530,0.1714972221,0.0296346359,0.1995808436,0.0619573049,0.0102310537,-0.1244217977,0.0771516860,0.1248451013,-0.0497902875,0.0472454217,0.1313576716,-0.0995939341,0.0822831774,0.0274121379
F67,-0.0831862889,-0.2683254335,0.1166087530,0.1200497471,0.3637958155,0.0048805639,0.1062239231,-0.0990711960,-0.0772346142,0.0890532280,-0.0257956688,-0.0787331504,0.1134594917,-0.0026571626,0.0876241314,0.0769683506,-0.0453386495,-0.1703693964,0.2479027141,0.1414574917,-0.1008279882,-0.0754768554,0.0425000927,0.0607226261,0.0832877940,-0.0384750407,0.1908487149,-0.0384156876,0.0590793440,0.0040482807,-0.0235587264,-0.0224512715,0.0149336467,-0.1027568368,0.0045734077,0.1287082370,0.1237053097,0.0874105741,-0.1277577678,0.0387420791,-0.0748091385,-0.0339189808,-0.1073897685,-0.0014211747,0.0128250037,0.0599064589,-0.0287265987,-0.0386583123,-0.2019649615,0.0081103749
F68,-0.0098179695,-0.0550516954,0.1024689725,-0.0859229149,-0.0231426595,0.3160609971,-0.0739149607,0.0655369833,-0.1052028526,0.0035549462,-0.0010709232,0.1921132946,0.0749716273,-0.0505972250,0.0431933960,-0.2078804242,0.0184458739,-0.0941345558,0.0815443669,0.0631322578,0.0062667792,-0.1953477001,-0.1498175032,-0.1410656702,-0.0032714240,-0.1107509197,-0.0182447603,0.0074524632,0.0258400439,0.0248849430,0.1216688884,0.1223065154,-0.2833953512,0.1006904819,0.0689326432,-0.0185531522,-0.0052589409,-0.1386335518,-0.0627177085,0.0419633314,0.1552657521,0.0877941257,0.0795731860,-0.0044390524,0.0133499473,0.1512538108,0.0463952302,0.0060943144,0.2691691547,0.0396917890
F69,-0.0603173065,-0.1060323753,-0.0884498501,0.1139803753,-0.1984297968,0.1285594564,0.0786797355,-0.2643382184,0.1367597785,-0.0816776943,-0.2883475808,0.2337818553,0.0320864119,-0.0299012390,-0.0939352161,0.0555160445,0.1007643400,0.0248992847,-0.0187823838,-0.0254921569,0.0163987382,0.1712683522,0.0879204208,-0.0609571948,-0.3068552091,0.0585374716,-0.0642282804,0.0384006047,-0.1655349329,-0.0395249713,-0.1422470806,-0.0673827234,-0.0076398851,0.0189301743,-0.1223802129,-0.0202681578,0.0409279415,0.0089298816,-0.1013523334,0.0971141026,-0.2885805164,-0.1015396355,-0.0034353321,-0.0017059290,0.0316333946,0.1585068738,0.1077053275,-0.1252709827,0.0585881783,-0.0397185029
