row_id,mean_embedding_change,max_embedding_change,original_embedding_norm,relative_change_pct,is_fragile
9311,0.763529,1.866713,2.6561,28.75,False
20257,0.450353,1.684852,2.6592,16.94,False
8181,0.659056,1.527973,2.7206,24.22,False
2599,0.94317,1.864954,2.9072,32.44,False
9022,0.963564,1.774918,2.8109,34.28,False
6338,0.643286,2.07749,2.4877,25.86,False
13189,0.7725,1.700272,2.7086,28.52,False
16476,0.762861,1.751125,2.9233,26.1,False
18979,0.821586,2.059607,2.4225,33.92,False
20412,1.076597,2.198566,2.736,39.35,False
13255,0.690862,1.253827,2.6942,25.64,False
16737,0.646038,1.786484,2.5425,25.41,False
11611,0.809976,2.307413,2.6232,30.88,False
7312,0.827326,1.883769,2.7142,30.48,False
5089,1.13635,1.773168,2.9459,38.57,False
10130,1.160382,1.776284,2.5382,45.72,True
17434,0.582393,2.125973,2.9322,19.86,False
5481,0.91433,1.663689,2.6409,34.62,False
18149,0.756013,2.411672,2.6875,28.13,False
6300,1.105335,1.810784,2.6421,41.84,False
2388,0.692301,1.655989,2.7499,25.18,False
14522,0.161569,1.258168,2.5496,6.34,False
390,1.055569,1.737228,2.4136,43.73,False
22273,0.434905,1.587754,2.9277,14.85,False
17176,0.805113,1.758685,2.9899,26.93,False
13884,0.681377,1.678772,2.7875,24.44,False
10230,1.367567,1.819182,2.8044,48.76,True
9458,1.119522,1.76035,2.6803,41.77,False
17609,0.39187,1.275153,3.0248,12.96,False
16164,0.971397,1.797741,3.0418,31.93,False
20427,1.050413,2.006031,2.8057,37.44,False
3973,0.707136,1.649953,2.7676,25.55,False
13050,0.990085,1.834464,2.7319,36.24,False
3634,0.647639,1.454301,2.464,26.28,False
21158,0.868277,1.776624,2.6146,33.21,False
142,0.580074,1.986733,2.9644,19.57,False
9178,0.494452,1.781668,2.911,16.99,False
16400,0.678071,1.691222,2.9814,22.74,False
3073,0.618522,1.996851,2.6343,23.48,False
15842,1.025824,1.861917,3.0056,34.13,False
2319,0.598661,1.698555,2.3781,25.17,False
18417,1.048522,1.70196,2.5391,41.29,False
13887,1.232291,2.270961,2.7661,44.55,True
3246,0.846986,1.302402,2.6901,31.48,False
12163,0.596305,2.005398,3.0703,19.42,False
13078,1.422128,2.171945,2.7088,52.5,True
544,0.693187,1.746313,2.878,24.09,False
10937,0.812613,1.625315,2.7004,30.09,False
20264,0.811765,1.752093,2.6124,31.07,False
21042,0.65829,1.564996,2.8392,23.19,False
6277,1.177364,2.316373,2.6436,44.54,True
11418,0.818047,2.029182,2.9074,28.14,False
20943,0.678919,1.717319,2.6526,25.59,False
6876,1.23445,1.947196,2.8003,44.08,True
14528,0.823545,1.696478,2.8336,29.06,False
11143,0.709817,1.75362,2.3858,29.75,False
10709,0.72071,1.856606,2.6184,27.53,False
2898,0.979033,2.576525,2.8401,34.47,False
6597,0.612065,1.705046,2.6277,23.29,False
21333,0.566648,1.20573,2.7578,20.55,False
8716,0.680476,1.695817,2.6591,25.59,False
1773,0.525334,1.641956,2.4625,21.33,False
20337,0.822973,1.822517,2.926,28.13,False
12438,1.166037,2.049502,2.6834,43.45,False
2713,0.624005,1.555664,2.7173,22.96,False
9513,0.841129,1.778895,2.6131,32.19,False
2874,0.973409,2.111129,2.5839,37.67,False
18113,0.586325,1.841063,2.527,23.2,False
16207,1.326283,2.142642,2.7537,48.16,True
1850,0.942942,1.897481,2.6401,35.72,False
15691,0.600233,1.772036,2.8937,20.74,False
550,0.634946,1.891819,2.8879,21.99,False
17639,0.747108,2.015685,3.0146,24.78,False
22217,0.720082,1.761153,2.6444,27.23,False
4382,0.875344,1.836109,2.7285,32.08,False
9149,1.032319,2.27278,3.0984,33.32,False
12749,0.659872,2.214066,2.9945,22.04,False
16810,1.041321,2.123193,2.8519,36.51,False
15233,0.312903,1.579978,2.9492,10.61,False
20352,0.752777,1.635024,2.9849,25.22,False
11110,0.342033,1.959411,2.5013,13.67,False
6507,0.737931,1.586755,2.8365,26.02,False
2673,0.514612,1.303951,2.8812,17.86,False
21273,0.890402,2.058171,2.5467,34.96,False
14873,0.816379,1.699699,2.7922,29.24,False
394,0.993628,1.811463,2.4642,40.32,False
2893,0.594779,1.807889,2.8762,20.68,False
6130,0.855465,1.599637,2.7316,31.32,False
5041,0.832519,1.694498,2.4702,33.7,False
3825,0.92032,2.242454,2.567,35.85,False
305,0.904261,1.947374,2.6907,33.61,False
20514,0.764485,1.729623,2.815,27.16,False
3159,1.136746,1.631225,2.863,39.71,False
9522,0.813789,1.73028,2.59,31.42,False
10995,0.810091,2.127042,2.7084,29.91,False
10964,0.681013,1.828863,2.7598,24.68,False
21341,0.512369,1.300275,2.7688,18.51,False
7036,0.518058,1.610539,3.2565,15.91,False
17073,0.577921,1.281465,2.7146,21.29,False
21919,0.573966,1.766852,2.7881,20.59,False
6815,0.708238,1.661945,2.3669,29.92,False
6161,1.081902,2.204026,2.8053,38.57,False
4314,0.799642,1.793962,2.8424,28.13,False
983,0.895587,1.790301,3.0245,29.61,False
19212,0.922221,1.721441,2.758,33.44,False
15816,0.834866,2.13753,3.0342,27.52,False
13168,0.765811,2.141432,2.5626,29.88,False
8067,0.726582,1.278918,2.8324,25.65,False
3938,1.112532,2.26334,2.6618,41.8,False
16408,0.931304,1.855245,2.9958,31.09,False
3368,1.184519,1.715482,2.7893,42.47,False
22001,1.135473,1.863257,2.7594,41.15,False
18264,0.825382,1.304115,2.7044,30.52,False
1486,0.571657,1.746341,2.5698,22.25,False
2697,0.828754,1.75917,2.7935,29.67,False
701,1.125511,2.284278,2.7018,41.66,False
5296,0.639353,1.910525,2.7512,23.24,False
20832,0.978575,1.767084,2.8063,34.87,False
20593,0.778521,1.785215,2.9125,26.73,False
116,0.452309,1.748584,2.8836,15.69,False
5769,0.664026,1.988458,3.3413,19.87,False
8354,0.605045,1.204791,2.9498,20.51,False
16418,0.772371,2.115482,2.8801,26.82,False
16196,1.033285,1.788098,2.6704,38.69,False
2077,0.844015,2.122426,2.7767,30.4,False
19488,0.650023,1.731794,2.6073,24.93,False
8216,0.470381,1.250386,2.8288,16.63,False
22199,1.126279,2.10778,2.669,42.2,False
14551,0.87356,1.814916,2.754,31.72,False
7380,0.987232,2.013084,2.7405,36.02,False
16979,0.810038,1.652929,2.6368,30.72,False
486,1.025658,2.336625,2.8266,36.29,False
6949,0.715406,1.815991,2.428,29.47,False
10328,0.752378,1.589566,2.9181,25.78,False
11413,1.135871,2.289303,2.5477,44.58,True
2551,0.52431,1.774326,2.5288,20.73,False
19655,0.922929,1.766908,3.0615,30.15,False
4915,1.096828,1.826048,2.4558,44.66,True
19599,0.7871,1.964992,3.0289,25.99,False
18606,0.326593,1.187686,2.801,11.66,False
16472,0.957326,2.113251,2.922,32.76,False
2000,0.728959,1.274812,2.9124,25.03,False
19622,0.868427,1.881128,3.0766,28.23,False
3334,1.029047,2.019064,2.6419,38.95,False
21840,0.809408,2.289246,2.5921,31.23,False
21334,1.05009,1.994041,2.7271,38.51,False
9576,0.848765,2.068542,2.779,30.54,False
6576,0.553619,1.684727,2.6958,20.54,False
988,0.945715,2.052119,2.6065,36.28,False
11736,0.773645,1.610763,2.7428,28.21,False
3623,1.124323,2.052248,2.4554,45.79,True
3978,0.794229,2.161337,2.6972,29.45,False
20607,0.628234,1.959588,2.7402,22.93,False
21827,0.610232,1.886644,2.6489,23.04,False
5635,0.924754,1.972513,2.8315,32.66,False
19938,0.9394,1.798372,2.8318,33.17,False
11341,0.595909,1.25488,2.8598,20.84,False
13693,0.614982,1.419944,2.6833,22.92,False
6406,0.760553,1.700276,2.8806,26.4,False
13980,0.435949,1.68389,2.5433,17.14,False
20986,0.865421,1.726353,2.9371,29.46,False
4465,0.404865,1.695562,2.7546,14.7,False
6985,0.677834,1.683245,2.4992,27.12,False
21216,0.873728,1.554544,2.9535,29.58,False
17804,0.380297,1.277606,2.4623,15.44,False
10134,0.880909,1.952002,2.5585,34.43,False
18280,0.669281,1.696678,2.6862,24.92,False
6828,0.943269,2.196644,2.4114,39.12,False
8172,0.7327,1.473004,2.9139,25.15,False
12047,0.934038,1.789658,2.7044,34.54,False
12225,0.62085,1.890531,2.56,24.25,False
3112,1.044761,2.555896,2.9489,35.43,False
824,0.416748,1.384576,3.0425,13.7,False
5210,0.499245,1.305225,2.6937,18.53,False
5073,0.744804,1.653438,2.8813,25.85,False
21491,0.494782,1.223202,2.7017,18.31,False
20188,0.5386,1.757375,2.7526,19.57,False
13547,0.715549,1.788246,3.0128,23.75,False
2374,0.89142,1.743361,2.6777,33.29,False
7068,0.612397,1.746972,2.8484,21.5,False
16944,0.559946,1.698663,2.3844,23.48,False
20694,1.043854,2.064285,2.6221,39.81,False
16027,1.040915,2.558157,2.7416,37.97,False
16100,1.358608,2.026103,3.061,44.39,True
14538,0.858644,1.679994,2.7631,31.08,False
5377,1.130441,2.055626,2.5542,44.26,True
6201,0.646973,1.607868,2.4439,26.47,False
2621,0.667877,1.72101,2.6926,24.8,False
14824,0.835771,1.83939,2.5683,32.54,False
14687,1.02097,1.649161,2.7638,36.94,False
2394,0.672359,1.976987,2.7011,24.89,False
6962,0.809634,1.72716,2.6522,30.53,False
12219,1.077542,1.657635,2.5872,41.65,False
6665,1.197186,1.842579,2.8659,41.77,False
3093,0.511783,2.004689,2.6648,19.21,False
11974,0.980088,2.017772,2.9131,33.64,False
19769,1.152562,1.629777,2.8516,40.42,False
218,0.847664,1.879512,2.6319,32.21,False
18229,0.911676,2.287771,2.8631,31.84,False
8023,0.539423,1.64104,2.7343,19.73,False
476,0.565667,1.692747,2.9161,19.4,False
6278,0.848338,2.251719,2.6815,31.64,False
9685,0.77239,1.751927,2.8629,26.98,False
18752,0.963923,1.694219,2.7128,35.53,False
11490,0.793976,1.774566,2.7311,29.07,False
12027,1.002954,2.098569,2.6341,38.08,False
7317,0.84578,1.31006,2.752,30.73,False
21050,1.021566,1.834732,2.7332,37.38,False
5892,1.248475,2.109089,2.6267,47.53,True
17826,0.598833,1.728585,2.8219,21.22,False
10451,1.019824,1.713997,3.0807,33.1,False
11970,0.970832,2.003907,2.9228,33.22,False
12621,0.616015,1.760384,3.5859,17.18,False
3554,0.544695,1.48202,2.9546,18.44,False
20705,0.494675,1.542691,2.6251,18.84,False
22281,0.794062,1.648689,2.8698,27.67,False
10834,0.77413,2.30421,3.0447,25.43,False
14819,0.478663,1.250053,2.5312,18.91,False
10746,0.357904,2.053419,2.5935,13.8,False
6091,0.329979,1.751825,2.768,11.92,False
1827,0.876397,2.177868,2.7504,31.86,False
1434,0.972464,1.300663,2.7677,35.14,False
17287,0.737575,1.400139,2.7407,26.91,False
10317,1.030163,1.871215,2.8973,35.56,False
10653,0.754354,1.350855,2.7081,27.86,False
9236,0.922984,1.843218,2.6643,34.64,False
21174,0.881788,1.693178,2.8206,31.26,False
3346,1.036229,1.978174,2.688,38.55,False
503,0.853226,1.806963,2.6125,32.66,False
6511,0.734965,1.274666,2.7772,26.46,False
13055,1.363956,1.827821,2.6663,51.16,True
13532,0.373664,1.192129,2.5712,14.53,False
7664,0.979404,1.769022,2.7803,35.23,False
9878,0.921975,1.798762,2.7214,33.88,False
12840,0.994136,1.894458,2.8342,35.08,False
21871,0.798006,1.681485,2.988,26.71,False
20445,1.186092,2.288485,3.1936,37.14,False
6630,0.985345,1.807167,2.8073,35.1,False
3770,0.88315,1.679728,2.6058,33.89,False
17538,0.410079,1.696189,2.684,15.28,False
12989,0.764508,1.992442,2.4919,30.68,False
3872,1.124053,1.960342,2.7388,41.04,False
2285,1.206323,1.774211,2.5839,46.69,True
14981,0.783338,2.327124,2.653,29.53,False
3195,1.10092,2.078679,2.8794,38.23,False
14605,0.399498,1.250773,2.8121,14.21,False
7293,1.116331,1.804528,2.7397,40.75,False
4161,0.760613,1.946027,2.6504,28.7,False
10923,0.790108,1.281603,2.7311,28.93,False
3968,0.819087,1.783687,2.7973,29.28,False
920,0.477028,2.140673,2.8175,16.93,False
17401,0.673,1.47784,2.9392,22.9,False
9195,1.009139,2.083905,2.7148,37.17,False
16753,0.753304,1.830224,2.4891,30.26,False
1867,0.792178,1.274255,2.6513,29.88,False
13907,1.173681,2.305374,2.8774,40.79,False
14374,0.734972,1.710687,2.7977,26.27,False
2094,0.818635,1.753595,2.8643,28.58,False
12921,0.633935,1.280481,2.8771,22.03,False
3102,0.818555,1.857391,3.0677,26.68,False
13878,0.650782,1.684291,2.7962,23.27,False
6829,0.656679,1.782682,2.883,22.78,False
9560,0.243493,1.288564,2.6793,9.09,False
14676,0.591921,1.973779,2.5863,22.89,False
15920,1.216029,1.984228,2.7181,44.74,True
10904,1.173551,2.049289,2.6916,43.6,False
16786,0.678318,1.80973,2.5758,26.33,False
432,1.0203,2.024374,2.8455,35.86,False
18958,0.637386,1.971656,2.5302,25.19,False
10252,0.579525,1.772733,2.6974,21.48,False
3912,0.855678,1.769602,2.6705,32.04,False
12105,0.782306,1.77796,2.4782,31.57,False
12821,0.861711,1.740115,2.7083,31.82,False
17901,0.697829,1.703973,2.5377,27.5,False
6773,0.711912,1.741447,2.8627,24.87,False
15975,0.237151,1.155503,2.6521,8.94,False
4480,0.391416,1.237896,2.714,14.42,False
15587,0.679515,2.120872,2.582,26.32,False
10091,0.783232,1.672111,2.7451,28.53,False
2824,0.83024,2.430862,2.6662,31.14,False
19987,0.806994,1.491261,2.8408,28.41,False
9899,0.342499,1.820158,2.6982,12.69,False
2134,0.758866,1.427914,2.7693,27.4,False
1755,1.177389,1.792143,2.5171,46.78,True
6029,0.907357,1.723557,2.8396,31.95,False
16322,0.497393,1.842393,2.9466,16.88,False
9953,0.666577,1.597625,2.64,25.25,False
17477,0.676239,1.270636,2.9339,23.05,False
15880,0.476191,1.686156,2.8034,16.99,False
5785,0.787236,1.952842,3.3295,23.64,False
17252,0.798561,1.717564,2.7619,28.91,False
5838,0.81048,1.580188,2.697,30.05,False
21473,0.725304,1.713229,2.6676,27.19,False
16933,0.747862,1.252128,2.3664,31.6,False
5891,0.73867,1.78368,2.6061,28.34,False
10135,0.841759,1.391188,2.5534,32.97,False
15505,0.918216,2.114487,2.8855,31.82,False
10971,0.481574,1.281681,2.7917,17.25,False
20135,0.57487,1.728678,2.8247,20.35,False
8117,0.947708,1.68961,2.7642,34.29,False
21319,1.183714,1.880674,2.3937,49.45,True
7512,0.496158,1.755114,2.7285,18.18,False
2615,0.744264,1.833925,2.6966,27.6,False
7594,0.826404,2.411184,2.7251,30.33,False
1943,0.945629,1.696764,2.7456,34.44,False
21275,0.532736,1.705333,2.6279,20.27,False
8021,0.656176,1.437303,2.7244,24.09,False
13462,0.452197,1.740322,2.7646,16.36,False
13974,1.117204,2.207344,2.4934,44.81,True
15159,0.656378,1.627849,2.754,23.83,False
6685,1.179621,1.77697,2.8053,42.05,False
5294,1.210976,1.961547,2.7161,44.59,True
8449,0.485148,1.285528,2.6347,18.41,False
3686,0.629963,2.22706,2.5858,24.36,False
9894,0.461533,1.274759,2.7096,17.03,False
10992,0.904174,1.807158,2.7755,32.58,False
15444,1.111017,2.09523,2.6581,41.8,False
11031,0.875463,1.733048,2.8354,30.88,False
3378,0.967286,1.782612,2.8232,34.26,False
20808,0.644981,1.786171,2.7524,23.43,False
11115,0.576683,1.226383,2.5046,23.02,False
19980,0.985627,1.781489,2.7228,36.2,False
3577,0.873138,1.807402,2.5895,33.72,False
15909,1.060796,2.122877,2.6679,39.76,False
10248,0.851767,1.758883,2.7558,30.91,False
15460,0.666377,1.614605,2.5699,25.93,False
16029,0.610832,1.894673,2.8439,21.48,False
17121,0.796816,1.809733,2.6139,30.48,False
1998,0.798581,1.659993,2.9291,27.26,False
2355,0.981322,2.06314,2.7503,35.68,False
504,0.899375,2.060994,2.6484,33.96,False
7419,0.836686,1.744252,3.0621,27.32,False
3706,0.675532,1.65946,2.5959,26.02,False
7130,0.622972,1.534411,2.9537,21.09,False
18069,0.914426,1.786717,2.8355,32.25,False
9278,0.8308,1.700853,2.7523,30.19,False
9021,0.690546,1.263926,2.8155,24.53,False
9084,0.939327,2.418708,2.7377,34.31,False
14749,0.978858,2.223001,2.7813,35.19,False
22116,0.383201,1.223207,2.8408,13.49,False
17405,0.861731,1.483779,2.8782,29.94,False
11213,0.485205,2.08005,2.8233,17.19,False
12369,0.899905,1.637471,2.8975,31.06,False
2804,0.964483,1.712416,2.6054,37.02,False
14699,0.776086,2.084731,2.9336,26.46,False
9645,1.037001,1.935893,2.7571,37.61,False
6520,1.159341,2.184904,2.6389,43.93,False
20381,0.821646,2.312707,2.696,30.48,False
6250,0.572201,1.811286,2.6723,21.41,False
19007,0.556953,1.688658,2.7964,19.92,False
1295,0.834457,1.821956,2.9901,27.91,False
18253,0.837464,1.674797,2.7689,30.24,False
5197,0.838351,1.825242,2.6525,31.61,False
770,1.111407,1.91014,2.8965,38.37,False
18960,1.214637,1.748886,2.504,48.51,True
22056,0.99069,1.714769,2.7356,36.21,False
9077,1.298884,1.66927,2.7616,47.03,True
6145,0.526599,1.796575,2.7127,19.41,False
4768,1.033882,1.650473,2.4239,42.65,False
21839,0.935675,1.818659,2.5946,36.06,False
9705,0.79717,1.775585,2.8145,28.32,False
7723,0.454388,1.787341,2.8759,15.8,False
684,0.574999,1.77934,2.7073,21.24,False
13399,0.773735,2.182174,2.6227,29.5,False
6756,0.720074,1.729514,2.892,24.9,False
17670,1.102774,1.784827,2.9473,37.42,False
12431,0.554429,1.649651,2.651,20.91,False
2013,1.041486,1.788774,2.7833,37.42,False
12307,0.774506,1.748628,2.426,31.92,False
22237,0.980265,2.198702,2.5621,38.26,False
14112,0.648326,1.691335,2.4547,26.41,False
12776,0.802405,1.559216,3.0608,26.22,False
17010,0.851914,2.076139,2.6001,32.76,False
1761,0.605549,1.625994,2.5178,24.05,False
12569,1.08998,2.098195,3.2619,33.42,False
19016,0.695876,1.715021,2.8693,24.25,False
10477,0.430176,2.147609,2.7983,15.37,False
14555,0.56927,1.703657,2.7633,20.6,False
14866,0.771218,1.702406,2.7674,27.87,False
9778,0.849899,1.73916,2.5946,32.76,False
2547,0.845725,1.760553,2.5364,33.34,False
5460,1.345206,2.081424,2.5846,52.05,True
3109,0.874403,1.751564,2.9472,29.67,False
828,0.799817,1.848293,3.0071,26.6,False
12653,0.671923,1.887737,3.2538,20.65,False
11249,1.010111,2.184864,2.8663,35.24,False
10210,1.042381,1.741455,2.7694,37.64,False
12363,0.637795,1.906684,2.8994,22.0,False
17372,0.717108,1.735421,2.9591,24.23,False
6166,0.429587,2.011295,2.8132,15.27,False
15692,0.293081,1.423547,3.1918,9.18,False
10494,0.914204,1.933183,2.6839,34.06,False
14796,0.828838,1.788321,2.5556,32.43,False
22313,0.631825,1.672883,3.0576,20.66,False
17515,1.020856,2.054085,2.7639,36.94,False
17736,1.018659,2.035744,3.0115,33.83,False
163,0.857567,1.791088,2.6505,32.36,False
17917,1.004405,1.755554,2.4652,40.74,False
4450,0.839466,1.693386,2.7486,30.54,False
18539,0.488832,1.285341,2.6254,18.62,False
3111,0.873806,2.156423,2.9501,29.62,False
14177,0.501103,2.022863,2.785,17.99,False
15196,0.606776,1.711864,2.8801,21.07,False
5334,0.843441,1.718738,2.6859,31.4,False
6420,0.71056,2.455912,2.71,26.22,False
19999,0.558009,1.713015,2.8528,19.56,False
8629,0.292899,1.761611,2.6353,11.11,False
18745,0.938245,1.96762,2.6996,34.75,False
17923,0.929777,1.709884,2.4056,38.65,False
9693,0.992488,1.520565,2.8348,35.01,False
18537,0.992279,1.720814,2.6534,37.4,False
17103,0.896063,1.655284,2.6184,34.22,False
6958,0.747518,1.28546,2.4194,30.9,False
2165,1.155801,2.034859,2.8403,40.69,False
15600,0.631474,1.764072,2.7768,22.74,False
14030,0.816624,1.737336,2.9472,27.71,False
18552,0.692986,1.762648,2.6233,26.42,False
3580,0.782245,1.82596,2.6746,29.25,False
9740,1.067345,1.805493,2.8821,37.03,False
20952,0.123075,0.852079,2.6711,4.61,False
14926,1.120059,2.060845,2.8965,38.67,False
12579,0.768735,1.606233,3.2262,23.83,False
5056,0.947988,2.430894,2.8613,33.13,False
7359,0.97236,1.977349,2.7616,35.21,False
10602,0.540131,1.490091,2.7198,19.86,False
15300,0.712384,1.780649,3.006,23.7,False
2895,0.826732,2.776124,2.8873,28.63,False
10319,0.907321,1.735763,2.8789,31.52,False
4223,0.780496,1.495453,2.6578,29.37,False
17738,1.040502,1.785887,3.0662,33.93,False
10468,0.858216,1.826684,3.0207,28.41,False
1702,0.648446,1.537328,2.7368,23.69,False
8259,0.682311,1.575435,2.7849,24.5,False
20190,0.630116,1.627198,2.7683,22.76,False
7265,0.61395,1.721612,2.6882,22.84,False
9161,0.73619,1.508105,3.0304,24.29,False
21575,0.900718,1.730201,2.8525,31.58,False
8176,0.62524,1.703279,2.7901,22.41,False
16609,0.512632,1.812795,2.8824,17.79,False
20575,1.182856,1.798587,2.8957,40.85,False
15234,1.0873,1.758371,3.0129,36.09,False
16580,0.968141,1.761975,2.6021,37.21,False
3441,0.682773,2.009502,2.7467,24.86,False
12192,0.622367,1.79986,2.7619,22.53,False
977,0.837618,1.797337,2.7683,30.26,False
11105,0.653791,1.69687,2.5353,25.79,False
10412,1.029886,2.263224,3.0358,33.92,False
8119,0.639851,1.283652,2.7545,23.23,False
4342,0.775534,1.74055,2.7906,27.79,False
16955,0.986185,1.682981,2.6237,37.59,False
17368,0.812118,1.786195,2.9088,27.92,False
15127,0.859995,1.9037,2.3749,36.21,False
19930,0.849381,1.734453,2.7597,30.78,False
9946,0.565374,1.729317,2.6703,21.17,False
21664,1.394016,2.12513,2.6169,53.27,True
1515,1.020468,1.709101,2.8417,35.91,False
7913,0.498686,1.756476,2.9887,16.69,False
15636,0.633005,1.664643,2.9996,21.1,False
16922,0.978522,1.73469,2.3469,41.69,False
3688,0.87753,1.999277,2.5398,34.55,False
14101,0.592969,1.807364,2.4379,24.32,False
6178,0.794981,1.811143,2.7609,28.79,False
18477,0.717861,1.500849,2.9301,24.5,False
19163,0.774742,1.780286,2.5906,29.91,False
1424,1.073027,1.736302,2.4342,44.08,True
19825,0.723211,2.32718,3.0504,23.71,False
12383,0.803533,1.653161,2.6207,30.66,False
2057,0.685055,1.519685,2.8549,24.0,False
5074,1.154665,1.741311,2.8572,40.41,False
10060,0.947066,2.083164,2.8111,33.69,False
9903,0.642324,1.665725,2.7791,23.11,False
12182,0.4937,1.303146,2.8984,17.03,False
18377,0.380655,1.468755,2.5741,14.79,False
8988,0.762798,1.677023,2.9129,26.19,False
14382,1.030714,2.186967,2.8486,36.18,False
17459,0.747249,1.781971,2.924,25.56,False
20703,0.964787,1.65696,2.569,37.56,False
4078,0.849195,2.340901,2.6476,32.07,False
8284,1.090538,2.24839,2.7487,39.67,False
11179,0.593675,2.091522,2.6988,22.0,False
10063,0.403612,1.303109,2.7844,14.5,False
18764,0.485111,1.767797,2.7503,17.64,False
2862,0.753485,1.749175,2.5355,29.72,False
11469,0.622446,1.425905,2.7925,22.29,False
17566,0.8364,1.802573,2.6406,31.67,False
16034,1.07264,1.681131,2.8302,37.9,False
17011,0.7641,1.744534,3.0753,24.85,False
16444,0.705403,1.707923,2.9543,23.88,False
21807,0.784541,1.580907,2.6192,29.95,False
11768,0.57244,1.726553,2.4371,23.49,False
2105,1.134287,1.820609,2.863,39.62,False
4503,0.758749,2.360237,2.709,28.01,False
15590,0.705349,1.783779,2.5562,27.59,False
1921,1.102042,1.986625,2.7577,39.96,False
19196,0.441777,1.649045,2.8138,15.7,False
9681,0.478006,1.590361,2.9389,16.27,False
9813,0.831078,2.222168,2.9225,28.44,False
14636,0.698772,1.714459,2.7532,25.38,False
17307,0.539559,1.585611,2.6547,20.32,False
1995,0.747288,2.109162,2.915,25.64,False
